[
  {
    "name_en": "Colombo",
    "name_si": "කොළඹ",
    "name_ta": "கொழும்பு",
    "lat": 6.9271,
    "lng": 79.8612,
    "type": "Commercial Capital",
    "district": "Colombo",
    "province": "Western",
    "population": 752993
  },
  {
    "name_en": "Dehiwala-Mount Lavinia",
    "name_si": "දෙහිවල-ගල්කිස්ස",
    "name_ta": "தெஹிவளை-கல்கிசை",
    "lat": 6.8567,
    "lng": 79.8611,
    "type": "City",
    "district": "Colombo",
    "province": "Western",
    "population": 245974
  },
  {
    "name_en": "Moratuwa",
    "name_si": "මොරටුව",
    "name_ta": "மொரட்டுவை",
    "lat": 6.7806,
    "lng": 79.8817,
    "type": "City",
    "district": "Colombo",
    "province": "Western",
    "population": 207755
  },
  {
    "name_en": "Sri Jayawardenepura Kotte",
    "name_si": "ශ්‍රී ජයවර්ධනපුර කෝට්ටේ",
    "name_ta": "ஶ்ரீ ஜயவர்த்தனபுரம் கோட்டை",
    "lat": 6.9108,
    "lng": 79.8878,
    "type": "Administrative Capital",
    "district": "Colombo",
    "province": "Western",
    "population": 115826
  },
  {
    "name_en": "Negombo",
    "name_si": "මීගමුව",
    "name_ta": "நீர்கொழும்பு",
    "lat": 7.2083,
    "lng": 79.8358,
    "type": "City",
    "district": "Gampaha",
    "province": "Western",
    "population": 142449
  },
  {
    "name_en": "Kandy",
    "name_si": "මහනුවර",
    "name_ta": "கண்டி",
    "lat": 7.2906,
    "lng": 80.6337,
    "type": "City",
    "district": "Kandy",
    "province": "Central",
    "population": 125400
  },
  {
    "name_en": "Galle",
    "name_si": "ගාල්ල",
    "name_ta": "காலி",
    "lat": 6.0325,
    "lng": 80.2158,
    "type": "City",
    "district": "Galle",
    "province": "Southern",
    "population": 93118
  },
  {
    "name_en": "Jaffna",
    "name_si": "යාපනය",
    "name_ta": "யாழ்ப்பாணம்",
    "lat": 9.6615,
    "lng": 80.0255,
    "type": "City",
    "district": "Jaffna",
    "province": "Northern",
    "population": 88138
  },
  {
    "name_en": "Trincomalee",
    "name_si": "ත්‍රිකුණාමලය",
    "name_ta": "திருகோணமலை",
    "lat": 8.5874,
    "lng": 81.2152,
    "type": "City",
    "district": "Trincomalee",
    "province": "Eastern",
    "population": 99135
  },
  {
    "name_en": "Batticaloa",
    "name_si": "මඩකලපුව",
    "name_ta": "மட்டக்களப்பு",
    "lat": 7.7167,
    "lng": 81.7000,
    "type": "City",
    "district": "Batticaloa",
    "province": "Eastern",
    "population": 92705
  },
  {
    "name_en": "Anuradhapura",
    "name_si": "අනුරාධපුරය",
    "name_ta": "அனுராதபுரம்",
    "lat": 8.3114,
    "lng": 80.4037,
    "type": "City",
    "district": "Anuradhapura",
    "province": "North Central",
    "population": 63208
  },
  {
    "name_en": "Ratnapura",
    "name_si": "රත්නපුර",
    "name_ta": "இரத்தினபுரி",
    "lat": 6.6828,
    "lng": 80.3992,
    "type": "City",
    "district": "Ratnapura",
    "province": "Sabaragamuwa",
    "population": 46556
  },
  {
    "name_en": "Badulla",
    "name_si": "බදුල්ල",
    "name_ta": "பதுளை",
    "lat": 6.9895,
    "lng": 81.0557,
    "type": "City",
    "district": "Badulla",
    "province": "Uva",
    "population": 42603
  },
  {
    "name_en": "Matara",
    "name_si": "මාතර",
    "name_ta": "மாத்தறை",
    "lat": 5.9480,
    "lng": 80.5353,
    "type": "City",
    "district": "Matara",
    "province": "Southern",
    "population": 74542
  },
  {
    "name_en": "Gampaha",
    "name_si": "ගම්පහ",
    "name_ta": "கம்பஹா",
    "lat": 7.0917,
    "lng": 79.9997,
    "type": "City",
    "district": "Gampaha",
    "province": "Western",
    "population": 62797
  },
  {
    "name_en": "Kalutara",
    "name_si": "කළුතර",
    "name_ta": "களுத்துறை",
    "lat": 6.5831,
    "lng": 79.9597,
    "type": "City",
    "district": "Kalutara",
    "province": "Western",
    "population": 37181
  },
  {
    "name_en": "Matale",
    "name_si": "මාතලේ",
    "name_ta": "மாத்தளை",
    "lat": 7.4675,
    "lng": 80.6234,
    "type": "City",
    "district": "Matale",
    "province": "Central",
    "population": 36451
  },
  {
    "name_en": "Nuwara Eliya",
    "name_si": "නුවර එළිය",
    "name_ta": "நுவரெலியா",
    "lat": 6.9497,
    "lng": 80.7891,
    "type": "City",
    "district": "Nuwara Eliya",
    "province": "Central",
    "population": 25574
  },
  {
    "name_en": "Hambantota",
    "name_si": "හම්බන්තොට",
    "name_ta": "அம்பாந்தோட்டை",
    "lat": 6.1246,
    "lng": 81.1186,
    "type": "City",
    "district": "Hambantota",
    "province": "Southern",
    "population": 11213
  },
  {
    "name_en": "Kurunegala",
    "name_si": "කුරුණෑගල",
    "name_ta": "குருநாகல்",
    "lat": 7.4867,
    "lng": 80.3647,
    "type": "City",
    "district": "Kurunegala",
    "province": "North Western",
    "population": 30515
  },
  {
    "name_en": "Puttalam",
    "name_si": "පුත්තලම",
    "name_ta": "புத்தளம்",
    "lat": 8.0360,
    "lng": 79.8283,
    "type": "Town",
    "district": "Puttalam",
    "province": "North Western",
    "population": 45661
  },
  {
    "name_en": "Polonnaruwa",
    "name_si": "පොළොන්නරුව",
    "name_ta": "பொலன்னறுவை",
    "lat": 7.9329,
    "lng": 81.0081,
    "type": "City",
    "district": "Polonnaruwa",
    "province": "North Central",
    "population": 13186
  },
  {
    "name_en": "Monaragala",
    "name_si": "මොණරාගල",
    "name_ta": "மொனராகலை",
    "lat": 6.8722,
    "lng": 81.3508,
    "type": "Town",
    "district": "Monaragala",
    "province": "Uva",
    "population": 10565
  },
  {
    "name_en": "Kegalle",
    "name_si": "කෑගල්ල",
    "name_ta": "கேகாலை",
    "lat": 7.2533,
    "lng": 80.3464,
    "type": "Town",
    "district": "Kegalle",
    "province": "Sabaragamuwa",
    "population": 17350
  },
  {
    "name_en": "Panadura",
    "name_si": "පානදුර",
    "name_ta": "பாணந்துறை",
    "lat": 6.7133,
    "lng": 79.9042,
    "type": "City",
    "district": "Kalutara",
    "province": "Western",
    "population": 33512
  },
  {
    "name_en": "Beruwala",
    "name_si": "බේරුවල",
    "name_ta": "பேருவளை",
    "lat": 6.4739,
    "lng": 79.9836,
    "type": "Town",
    "district": "Kalutara",
    "province": "Western",
    "population": 35530
  },
  {
    "name_en": "Chilaw",
    "name_si": "හලාවත",
    "name_ta": "சிலாபம்",
    "lat": 7.5758,
    "lng": 79.7956,
    "type": "Town",
    "district": "Puttalam",
    "province": "North Western",
    "population": 24112
  },
  {
    "name_en": "Dambulla",
    "name_si": "දඹුල්ල",
    "name_ta": "தம்புள்ளை",
    "lat": 7.8567,
    "lng": 80.6492,
    "type": "Town",
    "district": "Matale",
    "province": "Central",
    "population": 68221
  },
  {
    "name_en": "Bandarawela",
    "name_si": "බණ්ඩාරවෙල",
    "name_ta": "பண்டாரவளை",
    "lat": 6.8256,
    "lng": 80.9981,
    "type": "Town",
    "district": "Badulla",
    "province": "Uva",
    "population": 15153
  },
  {
    "name_en": "Hikkaduwa",
    "name_si": "හික්කඩුව",
    "name_ta": "இக்கடுவை",
    "lat": 6.1406,
    "lng": 80.1017,
    "type": "Tourist Town",
    "district": "Galle",
    "province": "Southern",
    "population": 26774
  },
  {
    "name_en": "Ambalangoda",
    "name_si": "අම්බලන්ගොඩ",
    "name_ta": "அம்பலங்கொட",
    "lat": 6.2356,
    "lng": 80.0539,
    "type": "Town",
    "district": "Galle",
    "province": "Southern",
    "population": 19474
  },
  {
    "name_en": "Elpitiya",
    "name_si": "ඇල්පිටිය",
    "name_ta": "எல்பிட்டி",
    "lat": 6.2833,
    "lng": 80.1667,
    "type": "Town",
    "district": "Galle",
    "province": "Southern",
    "population": 27533
  },
  {
    "name_en": "Horana",
    "name_si": "හොරණ",
    "name_ta": "ஹொரணை",
    "lat": 6.7167,
    "lng": 80.0667,
    "type": "Town",
    "district": "Kalutara",
    "province": "Western",
    "population": 41250
  },
  {
    "name_en": "Weligama",
    "name_si": "වැලිගම",
    "name_ta": "வெலிகம",
    "lat": 5.9739,
    "lng": 80.4294,
    "type": "Town",
    "district": "Matara",
    "province": "Southern",
    "population": 22437
  },
  {
    "name_en": "Tangalle",
    "name_si": "තංගල්ල",
    "name_ta": "தங்காலை",
    "lat": 6.0231,
    "lng": 80.7889,
    "type": "Town",
    "district": "Hambantota",
    "province": "Southern",
    "population": 10800
  },
  {
    "name_en": "Haputale",
    "name_si": "හපුතලේ",
    "name_ta": "ஹப்தலை",
    "lat": 6.7667,
    "lng": 80.9667,
    "type": "Town",
    "district": "Badulla",
    "province": "Uva",
    "population": 5420
  },
  {
    "name_en": "Gampola",
    "name_si": "ගම්පොල",
    "name_ta": "கம்போலை",
    "lat": 7.1667,
    "lng": 80.5667,
    "type": "Town",
    "district": "Kandy",
    "province": "Central",
    "population": 27301
  },
  {
    "name_en": "Nawalapitiya",
    "name_si": "නවලපිටිය",
    "name_ta": "நாவலப்பிட்டி",
    "lat": 7.0500,
    "lng": 80.5333,
    "type": "Town",
    "district": "Kandy",
    "province": "Central",
    "population": 15156
  },
  {
    "name_en": "Hatton",
    "name_si": "හැටන්",
    "name_ta": "ஹட்டன்",
    "lat": 6.8964,
    "lng": 80.5953,
    "type": "Town",
    "district": "Nuwara Eliya",
    "province": "Central",
    "population": 16444
  },
  {
    "name_en": "Kadugannawa",
    "name_si": "කඩුගන්නාව",
    "name_ta": "கடுகண்ணாவை",
    "lat": 7.2536,
    "lng": 80.5275,
    "type": "Town",
    "district": "Kandy",
    "province": "Central",
    "population": 12380
  },
  {
    "name_en": "Peradeniya",
    "name_si": "පේරාදෙණිය",
    "name_ta": "பேராதனை",
    "lat": 7.2667,
    "lng": 80.6000,
    "type": "Town",
    "district": "Kandy",
    "province": "Central",
    "population": 21471
  },
  {
    "name_en": "Kuliyapitiya",
    "name_si": "කුලියාපිටිය",
    "name_ta": "குளியாப்பிட்டி",
    "lat": 7.4708,
    "lng": 80.0450,
    "type": "Town",
    "district": "Kurunegala",
    "province": "North Western",
    "population": 26165
  },
  {
    "name_en": "Nikaweratiya",
    "name_si": "නිකවැරටිය",
    "name_ta": "நிகவெரட்டி",
    "lat": 7.7667,
    "lng": 80.1167,
    "type": "Town",
    "district": "Kurunegala",
    "province": "North Western",
    "population": 18650
  },
  {
    "name_en": "Wennappuwa",
    "name_si": "වෙන්නප්පුව",
    "name_ta": "வென்னப்புவ",
    "lat": 7.3500,
    "lng": 79.8500,
    "type": "Town",
    "district": "Puttalam",
    "province": "North Western",
    "population": 22800
  },
  {
    "name_en": "Marawila",
    "name_si": "මාරවිල",
    "name_ta": "மாரவில",
    "lat": 7.4167,
    "lng": 79.8333,
    "type": "Town",
    "district": "Puttalam",
    "province": "North Western",
    "population": 18250
  },
  {
    "name_en": "Nattandiya",
    "name_si": "නත්තන්දිය",
    "name_ta": "நத்தந்திய",
    "lat": 7.4167,
    "lng": 79.8667,
    "type": "Town",
    "district": "Puttalam",
    "province": "North Western",
    "population": 19740
  },
  {
    "name_en": "Kalmunai",
    "name_si": "කල්මුනේ",
    "name_ta": "கல்முனை",
    "lat": 7.4167,
    "lng": 81.8333,
    "type": "City",
    "district": "Ampara",
    "province": "Eastern",
    "population": 106619
  },
  {
    "name_en": "Karaitivu",
    "name_si": "කරතිවු",
    "name_ta": "கரைதீவு",
    "lat": 9.7500,
    "lng": 79.8667,
    "type": "Town",
    "district": "Jaffna",
    "province": "Northern",
    "population": 10270
  },
  {
    "name_en": "Point Pedro",
    "name_si": "පේදුරුතුඩුව",
    "name_ta": "பருத்தித்துறை",
    "lat": 9.8167,
    "lng": 80.2333,
    "type": "Town",
    "district": "Jaffna",
    "province": "Northern",
    "population": 31257
  },
  {
    "name_en": "Chavakachcheri",
    "name_si": "චාවකච්චේරි",
    "name_ta": "சாவகச்சேரி",
    "lat": 9.6667,
    "lng": 80.1500,
    "type": "Town",
    "district": "Jaffna",
    "province": "Northern",
    "population": 41170
  },
  {
    "name_en": "Valaichchenai",
    "name_si": "වලච්චේන",
    "name_ta": "வளைச்சேனை",
    "lat": 7.9333,
    "lng": 81.5333,
    "type": "Town",
    "district": "Batticaloa",
    "province": "Eastern",
    "population": 22450
  },
  {
    "name_en": "Ampara",
    "name_si": "අම්පාර",
    "name_ta": "அம்பாறை",
    "lat": 7.2833,
    "lng": 81.6667,
    "type": "Town",
    "district": "Ampara",
    "province": "Eastern",
    "population": 17864
  },
  {
    "name_en": "Kilinochchi",
    "name_si": "කිලිනොච්චිය",
    "name_ta": "கிளிநொச்சி",
    "lat": 9.4000,
    "lng": 80.4000,
    "type": "Town",
    "district": "Kilinochchi",
    "province": "Northern",
    "population": 10395
  },
  {
    "name_en": "Mannar",
    "name_si": "මන්නාරම",
    "name_ta": "மன்னார்",
    "lat": 8.9814,
    "lng": 79.9114,
    "type": "Town",
    "district": "Mannar",
    "province": "Northern",
    "population": 35301
  },
  {
    "name_en": "Vavuniya",
    "name_si": "වවුනියාව",
    "name_ta": "வவுனியா",
    "lat": 8.7500,
    "lng": 80.4833,
    "type": "Town",
    "district": "Vavuniya",
    "province": "Northern",
    "population": 75721
  },
  {
    "name_en": "Mullaitivu",
    "name_si": "මුල්ලයිතීවු",
    "name_ta": "முல்லைத்தீவு",
    "lat": 9.2667,
    "lng": 80.8167,
    "type": "Town",
    "district": "Mullaitivu",
    "province": "Northern",
    "population": 37109
  },
  {
    "name_en": "Balangoda",
    "name_si": "බලංගොඩ",
    "name_ta": "பலங்கொட",
    "lat": 6.6500,
    "lng": 80.7000,
    "type": "Town",
    "district": "Ratnapura",
    "province": "Sabaragamuwa",
    "population": 17220
  },
  {
    "name_en": "Embilipitiya",
    "name_si": "ඇඹිලිපිටිය",
    "name_ta": "எம்பிலிப்பிட்டி",
    "lat": 6.3500,
    "lng": 80.8500,
    "type": "Town",
    "district": "Ratnapura",
    "province": "Sabaragamuwa",
    "population": 23592
  },
  {
    "name_en": "Wellawaya",
    "name_si": "වැල්ලවාය",
    "name_ta": "வெல்லவாய",
    "lat": 6.7333,
    "lng": 81.1167,
    "type": "Town",
    "district": "Monaragala",
    "province": "Uva",
    "population": 19420
  },
  {
    "name_en": "Minuwangoda",
    "name_si": "මිනුවන්ගොඩ",
    "name_ta": "மினுவங்கொட",
    "lat": 7.1733,
    "lng": 79.9619,
    "type": "Town",
    "district": "Gampaha",
    "province": "Western",
    "population": 35434
  },
  {
    "name_en": "Wattala",
    "name_si": "වත්තල",
    "name_ta": "வத்தளை",
    "lat": 6.9897,
    "lng": 79.8933,
    "type": "Town",
    "district": "Gampaha",
    "province": "Western",
    "population": 48118
  },
  {
    "name_en": "Kadawatha",
    "name_si": "කඩවත",
    "name_ta": "கடவத்தை",
    "lat": 6.9842,
    "lng": 79.9889,
    "type": "Town",
    "district": "Gampaha",
    "province": "Western",
    "population": 37247
  },
  {
    "name_en": "Ragama",
    "name_si": "රාගම",
    "name_ta": "ராகம",
    "lat": 7.0308,
    "lng": 79.9228,
    "type": "Town",
    "district": "Gampaha",
    "province": "Western",
    "population": 60152
  },
  {
    "name_en": "Kelaniya",
    "name_si": "කැලණිය",
    "name_ta": "களனி",
    "lat": 6.9550,
    "lng": 79.9225,
    "type": "Town",
    "district": "Gampaha",
    "province": "Western",
    "population": 256258
  },
  {
    "name_en": "Aluthgama",
    "name_si": "අලුත්ගම",
    "name_ta": "அலுத்துகம",
    "lat": 6.4369,
    "lng": 79.9983,
    "type": "Town",
    "district": "Kalutara",
    "province": "Western",
    "population": 28510
  },
  {
    "name_en": "Dikwella",
    "name_si": "දික්වැල්ල",
    "name_ta": "திக்குவெல்ல",
    "lat": 5.9667,
    "lng": 80.6833,
    "type": "Town",
    "district": "Matara",
    "province": "Southern",
    "population": 22600
  },
  {
    "name_en": "Beliatta",
    "name_si": "බෙලිඅත්ත",
    "name_ta": "பெலியத்தை",
    "lat": 6.0500,
    "lng": 80.7500,
    "type": "Town",
    "district": "Hambantota",
    "province": "Southern",
    "population": 18740
  },
  {
    "name_en": "Akurana",
    "name_si": "අකුරණ",
    "name_ta": "அக்குரணை",
    "lat": 7.3667,
    "lng": 80.6167,
    "type": "Town",
    "district": "Kandy",
    "province": "Central",
    "population": 34200
  },
  {
    "name_en": "Talawa",
    "name_si": "තලව",
    "name_ta": "தலவ",
    "lat": 8.1500,
    "lng": 80.4833,
    "type": "Town",
    "district": "Anuradhapura",
    "province": "North Central",
    "population": 24870
  },
  {
    "name_en": "Medawachchiya",
    "name_si": "මැදවච්චිය",
    "name_ta": "மேடவச்சி",
    "lat": 8.5500,
    "lng": 80.5000,
    "type": "Town",
    "district": "Anuradhapura",
    "province": "North Central",
    "population": 26340
  },
  {
    "name_en": "Kebithigollewa",
    "name_si": "කැබිතිගොල්ලෙව",
    "name_ta": "கெபிதிகொல்லெவ",
    "lat": 8.6000,
    "lng": 80.6000,
    "type": "Town",
    "district": "Anuradhapura",
    "province": "North Central",
    "population": 22450
  },
  {
    "name_en": "Padeniya",
    "name_si": "පදේනිය",
    "name_ta": "படேனிய",
    "lat": 7.6500,
    "lng": 80.2500,
    "type": "Town",
    "district": "Kurunegala",
    "province": "North Western",
    "population": 18760
  },
  {
    "name_en": "Narammala",
    "name_si": "නාරම්මල",
    "name_ta": "நரம்மல",
    "lat": 7.4333,
    "lng": 80.2167,
    "type": "Town",
    "district": "Kurunegala",
    "province": "North Western",
    "population": 19230
  },
  {
    "name_en": "Madampe",
    "name_si": "මඩම්පේ",
    "name_ta": "மடம்பே",
    "lat": 7.5333,
    "lng": 79.8500,
    "type": "Town",
    "district": "Puttalam",
    "province": "North Western",
    "population": 20450
  },
  {
    "name_en": "Sainthamaruthu",
    "name_si": "සයින්තමරුතු",
    "name_ta": "சைந்தமருது",
    "lat": 7.3833,
    "lng": 81.8500,
    "type": "Town",
    "district": "Ampara",
    "province": "Eastern",
    "population": 28960
  },
  {
    "name_en": "Vaddukoddai",
    "name_si": "වද්දුකෝඩ්ඩ",
    "name_ta": "வட்டுக்கோட்டை",
    "lat": 9.7333,
    "lng": 79.9500,
    "type": "Town",
    "district": "Jaffna",
    "province": "Northern",
    "population": 36280
  },
  {
    "name_en": "Sigiriya",
    "name_si": "සීගිරිය",
    "name_ta": "சிகிரியா",
    "lat": 7.9572,
    "lng": 80.7603,
    "type": "Historical Site",
    "district": "Matale",
    "province": "Central",
    "population": 1250
  },
  {
    "name_en": "Ella",
    "name_si": "ඇල්ල",
    "name_ta": "எல்லை",
    "lat": 6.8667,
    "lng": 81.0469,
    "type": "Tourist Village",
    "district": "Badulla",
    "province": "Uva",
    "population": 4580
  },
  {
    "name_en": "Mirissa",
    "name_si": "මිරිස්ස",
    "name_ta": "மிரிச்சை",
    "lat": 5.9461,
    "lng": 80.4581,
    "type": "Tourist Village",
    "district": "Matara",
    "province": "Southern",
    "population": 4800
  },
  {
    "name_en": "Unawatuna",
    "name_si": "උණවටුන",
    "name_ta": "உணவட்டுனை",
    "lat": 6.0211,
    "lng": 80.2503,
    "type": "Tourist Village",
    "district": "Galle",
    "province": "Southern",
    "population": 12500
  },
  {
    "name_en": "Bentota",
    "name_si": "බෙන්තොට",
    "name_ta": "பெந்தோட்டா",
    "lat": 6.4211,
    "lng": 80.0003,
    "type": "Tourist Town",
    "district": "Galle",
    "province": "Southern",
    "population": 37800
  },
  {
    "name_en": "Kitulgala",
    "name_si": "කිතුල්ගල",
    "name_ta": "கிதுல்கலை",
    "lat": 6.9894,
    "lng": 80.4172,
    "type": "Tourist Village",
    "district": "Kegalle",
    "province": "Sabaragamuwa",
    "population": 3240
  },
  {
    "name_en": "Arugam Bay",
    "name_si": "අරුගම් බොක්ක",
    "name_ta": "அறுகம் பே",
    "lat": 6.8500,
    "lng": 81.8333,
    "type": "Tourist Village",
    "district": "Ampara",
    "province": "Eastern",
    "population": 1250
  },
  {
    "name_en": "Pasikuda",
    "name_si": "පාසිකුඩා",
    "name_ta": "பாசிக்குடா",
    "lat": 7.9167,
    "lng": 81.5667,
    "type": "Tourist Village",
    "district": "Batticaloa",
    "province": "Eastern",
    "population": 3200
  },
  {
    "name_en": "Nilaveli",
    "name_si": "නිලාවැලි",
    "name_ta": "நிலாவெளி",
    "lat": 8.7000,
    "lng": 81.2000,
    "type": "Tourist Village",
    "district": "Trincomalee",
    "province": "Eastern",
    "population": 2800
  },
  {
    "name_en": "Kinniya",
    "name_si": "කින්නියා",
    "name_ta": "கிண்ணியா",
    "lat": 8.5167,
    "lng": 81.1833,
    "type": "Town",
    "district": "Trincomalee",
    "province": "Eastern",
    "population": 15740
  },
  {
    "name_en": "Kataragama",
    "name_si": "කතරගම",
    "name_ta": "கதிர்காமம்",
    "lat": 6.4167,
    "lng": 81.3333,
    "type": "Pilgrimage Town",
    "district": "Monaragala",
    "province": "Uva",
    "population": 12160
  },
  {
    "name_en": "Tissamaharama",
    "name_si": "තිස්සමහාරාමය",
    "name_ta": "திஸ்ஸமஹாராம",
    "lat": 6.2833,
    "lng": 81.2833,
    "type": "Town",
    "district": "Hambantota",
    "province": "Southern",
    "population": 11230
  },
  {
    "name_en": "Nittambuwa",
    "name_si": "නිත්තන්බුව",
    "name_ta": "நித்தம்புவ",
    "lat": 7.1442,
    "lng": 80.1086,
    "type": "Town",
    "district": "Gampaha",
    "province": "Western",
    "population": 29230
  },
  {
    "name_en": "Mirigama",
    "name_si": "මිරිගම",
    "name_ta": "மிரிகம",
    "lat": 7.2333,
    "lng": 80.1333,
    "type": "Town",
    "district": "Gampaha",
    "province": "Western",
    "population": 18420
  },
  {
    "name_en": "Dankotuwa",
    "name_si": "දන්කොටුව",
    "name_ta": "தன்கொட்டுவ",
    "lat": 7.3000,
    "lng": 79.8667,
    "type": "Town",
    "district": "Puttalam",
    "province": "North Western",
    "population": 15780
  },
  {
    "name_en": "Ibbagamuwa",
    "name_si": "ඉබ්බගමුව",
    "name_ta": "இப்பகமுவ",
    "lat": 7.6000,
    "lng": 80.4000,
    "type": "Town",
    "district": "Kurunegala",
    "province": "North Western",
    "population": 12450
  },
  {
    "name_en": "Mahiyanganaya",
    "name_si": "මහියංගනය",
    "name_ta": "மஹியங்கனை",
    "lat": 7.3333,
    "lng": 81.0167,
    "type": "Town",
    "district": "Badulla",
    "province": "Uva",
    "population": 16340
  },
  {
    "name_en": "Passara",
    "name_si": "පස්සර",
    "name_ta": "பஸ்ஸர",
    "lat": 6.9333,
    "lng": 81.1667,
    "type": "Town",
    "district": "Badulla",
    "province": "Uva",
    "population": 14520
  },
  {
    "name_en": "Bibile",
    "name_si": "බිබිලේ",
    "name_ta": "பிபிலே",
    "lat": 7.1167,
    "lng": 81.2000,
    "type": "Town",
    "district": "Monaragala",
    "province": "Uva",
    "population": 10340
  },
  {
    "name_en": "Medagama",
    "name_si": "මැදගම",
    "name_ta": "மேடகம",
    "lat": 6.8500,
    "lng": 81.3333,
    "type": "Town",
    "district": "Monaragala",
    "province": "Uva",
    "population": 8920
  },
  {
    "name_en": "Buttala",
    "name_si": "බුත්තල",
    "name_ta": "புத்தல",
    "lat": 6.7500,
    "lng": 81.2333,
    "type": "Town",
    "district": "Monaragala",
    "province": "Uva",
    "population": 15680
  },
  {
    "name_en": "Thanamalwila",
    "name_si": "තනමල්විල",
    "name_ta": "தனமல்வில",
    "lat": 6.4167,
    "lng": 81.1000,
    "type": "Town",
    "district": "Monaragala",
    "province": "Uva",
    "population": 11230
  },
  {
    "name_en": "Kandy Road",
    "name_si": "මහනුවර පාර",
    "name_ta": "கண்டி சாலை",
    "lat": 7.3000,
    "lng": 80.6333,
    "type": "Suburb",
    "district": "Kandy",
    "province": "Central",
    "population": 8500
  },
  {
    "name_en": "Katugastota",
    "name_si": "කටුගස්තොට",
    "name_ta": "கட்டுகஸ்தொட்ட",
    "lat": 7.3333,
    "lng": 80.6333,
    "type": "Suburb",
    "district": "Kandy",
    "province": "Central",
    "population": 12450
  },
  {
    "name_en": "Pilimatalawa",
    "name_si": "පිළිමතලව",
    "name_ta": "பிலிமதலவ",
    "lat": 7.2667,
    "lng": 80.5500,
    "type": "Town",
    "district": "Kandy",
    "province": "Central",
    "population": 19340
  },
  {
    "name_en": "Udunuwara",
    "name_si": "උඩුනුවර",
    "name_ta": "உடுநுவர",
    "lat": 7.3167,
    "lng": 80.6833,
    "type": "Town",
    "district": "Kandy",
    "province": "Central",
    "population": 14210
  },
  {
    "name_en": "Yatinuwara",
    "name_si": "යටිනුවර",
    "name_ta": "யடினுவர",
    "lat": 7.2833,
    "lng": 80.6000,
    "type": "Town",
    "district": "Kandy",
    "province": "Central",
    "population": 11560
  },
  {
    "name_en": "Poojapitiya",
    "name_si": "පූජාපිටිය",
    "name_ta": "பூஜாபிட்டி",
    "lat": 7.4167,
    "lng": 80.5667,
    "type": "Town",
    "district": "Kandy",
    "province": "Central",
    "population": 10340
  },
  {
    "name_en": "Harispattuwa",
    "name_si": "හරිස්පත්තුව",
    "name_ta": "ஹரிஸ்பத்துவ",
    "lat": 7.2333,
    "lng": 80.5833,
    "type": "Town",
    "district": "Kandy",
    "province": "Central",
    "population": 12560
  },
  {
    "name_en": "Kundasale",
    "name_si": "කුණ්ඩසාලේ",
    "name_ta": "குண்டசாலே",
    "lat": 7.2667,
    "lng": 80.7000,
    "type": "Town",
    "district": "Kandy",
    "province": "Central",
    "population": 16340
  },
  {
    "name_en": "Pallekele",
    "name_si": "පල්ලෙකැලේ",
    "name_ta": "பல்லெகேலே",
    "lat": 7.2333,
    "lng": 80.6000,
    "type": "Town",
    "district": "Kandy",
    "province": "Central",
    "population": 18420
  },
  {
    "name_en": "Akurana",
    "name_si": "අකුරණ",
    "name_ta": "அக்குரணை",
    "lat": 7.3667,
    "lng": 80.6167,
    "type": "Town",
    "district": "Kandy",
    "province": "Central",
    "population": 34200
  },
  {
    "name_en": "Katunayake",
    "name_si": "කටුනායක",
    "name_ta": "கட்டுநாயக்க",
    "lat": 7.1642,
    "lng": 79.8731,
    "type": "Town",
    "district": "Gampaha",
    "province": "Western",
    "population": 45230
  },
  {
    "name_en": "Seeduwa",
    "name_si": "සීදුව",
    "name_ta": "சீடுவ",
    "lat": 7.1167,
    "lng": 79.8833,
    "type": "Town",
    "district": "Gampaha",
    "province": "Western",
    "population": 32450
  },
  {
    "name_en": "Ja-Ela",
    "name_si": "ජා-ඇල",
    "name_ta": "ஜா-எல",
    "lat": 7.0833,
    "lng": 79.9000,
    "type": "Town",
    "district": "Gampaha",
    "province": "Western",
    "population": 54210
  },
  {
    "name_en": "Kandana",
    "name_si": "කඳාන",
    "name_ta": "கந்தன",
    "lat": 7.0500,
    "lng": 79.9000,
    "type": "Town",
    "district": "Gampaha",
    "province": "Western",
    "population": 43210
  },
  {
    "name_en": "Peliyagoda",
    "name_si": "පැලියගොඩ",
    "name_ta": "பெலியகொட",
    "lat": 6.9667,
    "lng": 79.9000,
    "type": "Town",
    "district": "Gampaha",
    "province": "Western",
    "population": 65230
  },
  {
    "name_en": "Welisara",
    "name_si": "වැලිසර",
    "name_ta": "வெலிசர",
    "lat": 7.0333,
    "lng": 79.9000,
    "type": "Town",
    "district": "Gampaha",
    "province": "Western",
    "population": 32410
  },
  {
    "name_en": "Udugampola",
    "name_si": "උඩුගම්පොල",
    "name_ta": "உடுகம்பொல",
    "lat": 7.1333,
    "lng": 80.0167,
    "type": "Town",
    "district": "Gampaha",
    "province": "Western",
    "population": 21450
  },
  {
    "name_en": "Biyagama",
    "name_si": "බියගම",
    "name_ta": "பியகம",
    "lat": 6.9667,
    "lng": 79.9500,
    "type": "Town",
    "district": "Gampaha",
    "province": "Western",
    "population": 38420
  },
  {
    "name_en": "Dompe",
    "name_si": "දොම්පේ",
    "name_ta": "தொம்பே",
    "lat": 6.9167,
    "lng": 80.0833,
    "type": "Town",
    "district": "Gampaha",
    "province": "Western",
    "population": 21430
  },
  {
    "name_en": "Kiribathgoda",
    "name_si": "කිරිබත්ගොඩ",
    "name_ta": "கிரிபத்த்கொட",
    "lat": 6.9833,
    "lng": 79.9167,
    "type": "Town",
    "district": "Gampaha",
    "province": "Western",
    "population": 56210
  },
  {
    "name_en": "Ganemulla",
    "name_si": "ගනේමුල්ල",
    "name_ta": "கனேமுல்ல",
    "lat": 7.0833,
    "lng": 79.9833,
    "type": "Town",
    "district": "Gampaha",
    "province": "Western",
    "population": 32410
  },
  {
    "name_en": "Yakkala",
    "name_si": "යක්කල",
    "name_ta": "யக்கல",
    "lat": 7.1000,
    "lng": 79.9833,
    "type": "Town",
    "district": "Gampaha",
    "province": "Western",
    "population": 28420
  },
  {
    "name_en": "Urapola",
    "name_si": "උරපොල",
    "name_ta": "உரபொல",
    "lat": 7.1667,
    "lng": 80.1000,
    "type": "Town",
    "district": "Gampaha",
    "province": "Western",
    "population": 19420
  },
  {
    "name_en": "Veyangoda",
    "name_si": "වේයන්ගොඩ",
    "name_ta": "வேயங்கொட",
    "lat": 7.1500,
    "lng": 80.0833,
    "type": "Town",
    "district": "Gampaha",
    "province": "Western",
    "population": 32410
  },
  {
    "name_en": "Gampola",
    "name_si": "ගම්පොල",
    "name_ta": "கம்போலை",
    "lat": 7.1667,
    "lng": 80.5667,
    "type": "Town",
    "district": "Kandy",
    "province": "Central",
    "population": 27301
  },
  {
    "name_en": "Nawalapitiya",
    "name_si": "නවලපිටිය",
    "name_ta": "நாவலப்பிட்டி",
    "lat": 7.0500,
    "lng": 80.5333,
    "type": "Town",
    "district": "Kandy",
    "province": "Central",
    "population": 15156
  },
  {
    "name_en": "Galagedara",
    "name_si": "ගලගෙදර",
    "name_ta": "கலகேதர",
    "lat": 7.3667,
    "lng": 80.5333,
    "type": "Town",
    "district": "Kandy",
    "province": "Central",
    "population": 12450
  },
  {
    "name_en": "Pilimatalawa",
    "name_si": "පිළිමතලව",
    "name_ta": "பிலிமதலவ",
    "lat": 7.2667,
    "lng": 80.5500,
    "type": "Town",
    "district": "Kandy",
    "province": "Central",
    "population": 19340
  },
  {
    "name_en": "Akurana",
    "name_si": "අකුරණ",
    "name_ta": "அக்குரணை",
    "lat": 7.3667,
    "lng": 80.6167,
    "type": "Town",
    "district": "Kandy",
    "province": "Central",
    "population": 34200
  },
  {
    "name_en": "Digana",
    "name_si": "දිගන",
    "name_ta": "திகன",
    "lat": 7.3167,
    "lng": 80.7167,
    "type": "Town",
    "district": "Kandy",
    "province": "Central",
    "population": 8920
  },
  {
    "name_en": "Teldeniya",
    "name_si": "තෙල්දෙනිය",
    "name_ta": "தெல்தெனிய",
    "lat": 7.3000,
    "lng": 80.7667,
    "type": "Town",
    "district": "Kandy",
    "province": "Central",
    "population": 14520
  },
  {
    "name_en": "Pussellawa",
    "name_si": "පුස්සැල්ලව",
    "name_ta": "புச்செல்லவ",
    "lat": 7.0667,
    "lng": 80.6500,
    "type": "Town",
    "district": "Kandy",
    "province": "Central",
    "population": 10340
  },
  {
    "name_en": "Uduwa",
    "name_si": "උඩුව",
    "name_ta": "உடுவ",
    "lat": 7.0833,
    "lng": 80.5500,
    "type": "Village",
    "district": "Kandy",
    "province": "Central",
    "population": 2450
  },
  {
    "name_en": "Ambatenna",
    "name_si": "අඹතැන්න",
    "name_ta": "அம்பதென்ன",
    "lat": 7.3500,
    "lng": 80.6167,
    "type": "Village",
    "district": "Kandy",
    "province": "Central",
    "population": 1890
  },
  {
    "name_en": "Deltota",
    "name_si": "දෙල්තොට",
    "name_ta": "தெல்தொட்ட",
    "lat": 7.1667,
    "lng": 80.7167,
    "type": "Town",
    "district": "Kandy",
    "province": "Central",
    "population": 8920
  },
  {
    "name_en": "Hanguranketa",
    "name_si": "හඟුරන්කෙත",
    "name_ta": "ஹங்குரன்கேத",
    "lat": 7.1667,
    "lng": 80.7833,
    "type": "Town",
    "district": "Nuwara Eliya",
    "province": "Central",
    "population": 12450
  },
  {
    "name_en": "Kotmale",
    "name_si": "කොත්මලේ",
    "name_ta": "கொத்மலே",
    "lat": 7.0333,
    "lng": 80.6000,
    "type": "Town",
    "district": "Nuwara Eliya",
    "province": "Central",
    "population": 10340
  },
  {
    "name_en": "Nildandahinna",
    "name_si": "නිල්දන්දහින්න",
    "name_ta": "நில்தந்தஹின்ன",
    "lat": 6.8667,
    "lng": 80.8167,
    "type": "Village",
    "district": "Nuwara Eliya",
    "province": "Central",
    "population": 1240
  },
  {
    "name_en": "Ramboda",
    "name_si": "රඹෝද",
    "name_ta": "ரம்போத",
    "lat": 6.9500,
    "lng": 80.7167,
    "type": "Town",
    "district": "Nuwara Eliya",
    "province": "Central",
    "population": 4560
  },
  {
    "name_en": "Labookellie",
    "name_si": "ලබුකැලේ",
    "name_ta": "லபுகேலி",
    "lat": 6.8833,
    "lng": 80.7000,
    "type": "Village",
    "district": "Nuwara Eliya",
    "province": "Central",
    "population": 1890
  },
  {
    "name_en": "Sita Eliya",
    "name_si": "සීතා එළිය",
    "name_ta": "சீதா எலிய",
    "lat": 6.8167,
    "lng": 80.8167,
    "type": "Village",
    "district": "Nuwara Eliya",
    "province": "Central",
    "population": 1450
  },
  {
    "name_en": "Ginigathena",
    "name_si": "ගිනිගත්තේන",
    "name_ta": "கினிகத்தேன",
    "lat": 6.9667,
    "lng": 80.4833,
    "type": "Town",
    "district": "Nuwara Eliya",
    "province": "Central",
    "population": 8920
  },
  {
    "name_en": "Maskeliya",
    "name_si": "මස්කෙලිය",
    "name_ta": "மஸ்கேலிய",
    "lat": 6.8167,
    "lng": 80.5667,
    "type": "Town",
    "district": "Nuwara Eliya",
    "province": "Central",
    "population": 12450
  },
  {
    "name_en": "Norwood",
    "name_si": "නෝර්වුඩ්",
    "name_ta": "நோர்வுட்",
    "lat": 6.8000,
    "lng": 80.6000,
    "type": "Village",
    "district": "Nuwara Eliya",
    "province": "Central",
    "population": 1890
  },
  {
    "name_en": "Talawakele",
    "name_si": "තලවකැලේ",
    "name_ta": "தலவகேலே",
    "lat": 6.9333,
    "lng": 80.6667,
    "type": "Town",
    "district": "Nuwara Eliya",
    "province": "Central",
    "population": 10340
  },
  {
    "name_en": "Watawala",
    "name_si": "වටවල",
    "name_ta": "வடவல",
    "lat": 6.9000,
    "lng": 80.6167,
    "type": "Town",
    "district": "Nuwara Eliya",
    "province": "Central",
    "population": 8920
  },
  {
    "name_en": "Ambewela",
    "name_si": "අඹේවෙල",
    "name_ta": "அம்பேவெல",
    "lat": 6.8833,
    "lng": 80.8000,
    "type": "Village",
    "district": "Nuwara Eliya",
    "province": "Central",
    "population": 1450
  },
  {
    "name_en": "Pattipola",
    "name_si": "පට්ටිපොල",
    "name_ta": "பட்டிபொல",
    "lat": 6.8500,
    "lng": 80.8167,
    "type": "Village",
    "district": "Nuwara Eliya",
    "province": "Central",
    "population": 1240
  },
  {
    "name_en": "Ohiya",
    "name_si": "ඔහිය",
    "name_ta": "ஓஹிய",
    "lat": 6.8167,
    "lng": 80.8667,
    "type": "Village",
    "district": "Nuwara Eliya",
    "province": "Central",
    "population": 980
  },
  {
    "name_en": "Idalgashinna",
    "name_si": "ඉදල්ගසින්න",
    "name_ta": "இதல்கஷின்ன",
    "lat": 6.7833,
    "lng": 80.9000,
    "type": "Village",
    "district": "Nuwara Eliya",
    "province": "Central",
    "population": 760
  },
  {
    "name_en": "Haputale",
    "name_si": "හපුතලේ",
    "name_ta": "ஹப்தலை",
    "lat": 6.7667,
    "lng": 80.9667,
    "type": "Town",
    "district": "Badulla",
    "province": "Uva",
    "population": 5420
  },
  {
    "name_en": "Bandarawela",
    "name_si": "බණ්ඩාරවෙල",
    "name_ta": "பண்டாரவளை",
    "lat": 6.8256,
    "lng": 80.9981,
    "type": "Town",
    "district": "Badulla",
    "province": "Uva",
    "population": 15153
  },
  {
    "name_en": "Ella",
    "name_si": "ඇල්ල",
    "name_ta": "எல்லை",
    "lat": 6.8667,
    "lng": 81.0469,
    "type": "Tourist Village",
    "district": "Badulla",
    "province": "Uva",
    "population": 4580
  },
  {
    "name_en": "Wellawaya",
    "name_si": "වැල්ලවාය",
    "name_ta": "வெல்லவாய",
    "lat": 6.7333,
    "lng": 81.1167,
    "type": "Town",
    "district": "Monaragala",
    "province": "Uva",
    "population": 19420
  },
  {
    "name_en": "Koslanda",
    "name_si": "කොස්ලන්ද",
    "name_ta": "கொஸ்லந்த",
    "lat": 6.7333,
    "lng": 81.0167,
    "type": "Town",
    "district": "Badulla",
    "province": "Uva",
    "population": 8920
  },
  {
    "name_en": "Hali-Ela",
    "name_si": "හාලි-ඇල",
    "name_ta": "ஹாலி-எல",
    "lat": 6.9500,
    "lng": 81.0500,
    "type": "Town",
    "district": "Badulla",
    "province": "Uva",
    "population": 12450
  },
  {
    "name_en": "Welimada",
    "name_si": "වැලිමඩ",
    "name_ta": "வெலிமட",
    "lat": 6.9000,
    "lng": 80.8500,
    "type": "Town",
    "district": "Badulla",
    "province": "Uva",
    "population": 14520
  },
  {
    "name_en": "Passara",
    "name_si": "පස්සර",
    "name_ta": "பஸ்ஸர",
    "lat": 6.9333,
    "lng": 81.1667,
    "type": "Town",
    "district": "Badulla",
    "province": "Uva",
    "population": 14520
  },
  {
    "name_en": "Lunugala",
    "name_si": "ලුණුගල",
    "name_ta": "லுனுகல",
    "lat": 7.0333,
    "lng": 81.2000,
    "type": "Town",
    "district": "Badulla",
    "province": "Uva",
    "population": 8920
  },
  {
    "name_en": "Mahiyanganaya",
    "name_si": "මහියංගනය",
    "name_ta": "மஹியங்கனை",
    "lat": 7.3333,
    "lng": 81.0167,
    "type": "Town",
    "district": "Badulla",
    "province": "Uva",
    "population": 16340
  },
  {
    "name_en": "Soranatota",
    "name_si": "සොරනතොට",
    "name_ta": "சொரனதொட்ட",
    "lat": 6.8333,
    "lng": 81.1167,
    "type": "Village",
    "district": "Badulla",
    "province": "Uva",
    "population": 2450
  },
  {
    "name_en": "Diyatalawa",
    "name_si": "දියතලාව",
    "name_ta": "தியதலாவ",
    "lat": 6.8000,
    "lng": 80.9667,
    "type": "Town",
    "district": "Badulla",
    "province": "Uva",
    "population": 10340
  },
  {
    "name_en": "Haldummulla",
    "name_si": "හල්දුම්මුල්ල",
    "name_ta": "ஹல்தும்முல்ல",
    "lat": 6.7667,
    "lng": 80.8833,
    "type": "Town",
    "district": "Badulla",
    "province": "Uva",
    "population": 8920
  },
  {
    "name_en": "Kandaketiya",
    "name_si": "කන්දකෙටිය",
    "name_ta": "கந்தகெட்டிய",
    "lat": 6.9333,
    "lng": 81.0833,
    "type": "Village",
    "district": "Badulla",
    "province": "Uva",
    "population": 1890
  },
  {
    "name_en": "Medawela",
    "name_si": "මැදවෙල",
    "name_ta": "மேடவெல",
    "lat": 6.8500,
    "lng": 81.0000,
    "type": "Village",
    "district": "Badulla",
    "province": "Uva",
    "population": 1450
  },
  {
    "name_en": "Namunukula",
    "name_si": "නමුනුකුල",
    "name_ta": "நமுனுகுல",
    "lat": 6.9333,
    "lng": 81.1167,
    "type": "Town",
    "district": "Badulla",
    "province": "Uva",
    "population": 12450
  },
  {
    "name_en": "Bibile",
    "name_si": "බිබිලේ",
    "name_ta": "பிபிலே",
    "lat": 7.1167,
    "lng": 81.2000,
    "type": "Town",
    "district": "Monaragala",
    "province": "Uva",
    "population": 10340
  },
  {
    "name_en": "Buttala",
    "name_si": "බුත්තල",
    "name_ta": "புத்தல",
    "lat": 6.7500,
    "lng": 81.2333,
    "type": "Town",
    "district": "Monaragala",
    "province": "Uva",
    "population": 15680
  },
  {
    "name_en": "Kataragama",
    "name_si": "කතරගම",
    "name_ta": "கதிர்காமம்",
    "lat": 6.4167,
    "lng": 81.3333,
    "type": "Pilgrimage Town",
    "district": "Monaragala",
    "province": "Uva",
    "population": 12160
  },
  {
    "name_en": "Medagama",
    "name_si": "මැදගම",
    "name_ta": "மேடகம",
    "lat": 6.8500,
    "lng": 81.3333,
    "type": "Town",
    "district": "Monaragala",
    "province": "Uva",
    "population": 8920
  },
  {
    "name_en": "Siyambalanduwa",
    "name_si": "සියඹලන්දුව",
    "name_ta": "சியம்பலந்துவ",
    "lat": 6.9167,
    "lng": 81.5333,
    "type": "Town",
    "district": "Monaragala",
    "province": "Uva",
    "population": 10340
  },
  {
    "name_en": "Thanamalwila",
    "name_si": "තනමල්විල",
    "name_ta": "தனமல்வில",
    "lat": 6.4167,
    "lng": 81.1000,
    "type": "Town",
    "district": "Monaragala",
    "province": "Uva",
    "population": 11230
  },
  {
    "name_en": "Monaragala",
    "name_si": "මොණරාගල",
    "name_ta": "மொனராகலை",
    "lat": 6.8722,
    "lng": 81.3508,
    "type": "Town",
    "district": "Monaragala",
    "province": "Uva",
    "population": 10565
  },
  {
    "name_en": "Bakamuna",
    "name_si": "බකමුන",
    "name_ta": "பகமுன",
    "lat": 7.7833,
    "lng": 80.8167,
    "type": "Town",
    "district": "Polonnaruwa",
    "province": "North Central",
    "population": 8920
  },
  {
    "name_en": "Dimbulagala",
    "name_si": "දිඹුලාගල",
    "name_ta": "திம்புலாகல",
    "lat": 7.8667,
    "lng": 81.0667,
    "type": "Village",
    "district": "Polonnaruwa",
    "province": "North Central",
    "population": 1890
  },
  {
    "name_en": "Elahera",
    "name_si": "ඇලහේර",
    "name_ta": "எலஹேர",
    "lat": 7.6333,
    "lng": 80.8500,
    "type": "Town",
    "district": "Polonnaruwa",
    "province": "North Central",
    "population": 12450
  },
  {
    "name_en": "Hingurakgoda",
    "name_si": "හිඟුරක්ගොඩ",
    "name_ta": "ஹிங்குரக்கொட",
    "lat": 8.0333,
    "lng": 80.9500,
    "type": "Town",
    "district": "Polonnaruwa",
    "province": "North Central",
    "population": 10340
  },
  {
    "name_en": "Laggala",
    "name_si": "ලග්ගල",
    "name_ta": "லக்கல",
    "lat": 7.5667,
    "lng": 80.7167,
    "type": "Town",
    "district": "Matale",
    "province": "Central",
    "population": 8920
  },
  {
    "name_en": "Medirigiriya",
    "name_si": "මැදිරිගිරිය",
    "name_ta": "மேடிரிகிரிய",
    "lat": 8.1333,
    "lng": 81.0000,
    "type": "Town",
    "district": "Polonnaruwa",
    "province": "North Central",
    "population": 10340
  },
  {
    "name_en": "Minneriya",
    "name_si": "මින්නේරිය",
    "name_ta": "மின்னேரிய",
    "lat": 8.0333,
    "lng": 80.9000,
    "type": "Town",
    "district": "Polonnaruwa",
    "province": "North Central",
    "population": 12450
  },
  {
    "name_en": "Polonnaruwa",
    "name_si": "පොළොන්නරුව",
    "name_ta": "பொலன்னறுவை",
    "lat": 7.9329,
    "lng": 81.0081,
    "type": "City",
    "district": "Polonnaruwa",
    "province": "North Central",
    "population": 13186
  },
  {
    "name_en": "Sungavila",
    "name_si": "සුන්ගවිල",
    "name_ta": "சுங்கவில",
    "lat": 8.1667,
    "lng": 81.0667,
    "type": "Village",
    "district": "Polonnaruwa",
    "province": "North Central",
    "population": 1450
  },
  {
    "name_en": "Welikanda",
    "name_si": "වැලිකන්ද",
    "name_ta": "வெலிகந்த",
    "lat": 7.9333,
    "lng": 81.2500,
    "type": "Town",
    "district": "Polonnaruwa",
    "province": "North Central",
    "population": 8920
  },
  {
    "name_en": "Anuradhapura",
    "name_si": "අනුරාධපුරය",
    "name_ta": "அனுராதபுரம்",
    "lat": 8.3114,
    "lng": 80.4037,
    "type": "City",
    "district": "Anuradhapura",
    "province": "North Central",
    "population": 63208
  },
  {
    "name_en": "Eppawala",
    "name_si": "ඇප්පාවල",
    "name_ta": "எப்பாவல",
    "lat": 8.1500,
    "lng": 80.4167,
    "type": "Town",
    "district": "Anuradhapura",
    "province": "North Central",
    "population": 12450
  },
  {
    "name_en": "Galnewa",
    "name_si": "ගල්නෑව",
    "name_ta": "கல்நேவ",
    "lat": 8.1667,
    "lng": 80.3833,
    "type": "Town",
    "district": "Anuradhapura",
    "province": "North Central",
    "population": 8920
  },
  {
    "name_en": "Habarana",
    "name_si": "හබරන",
    "name_ta": "ஹபரன",
    "lat": 8.0333,
    "lng": 80.7500,
    "type": "Tourist Village",
    "district": "Anuradhapura",
    "province": "North Central",
    "population": 2450
  },
  {
    "name_en": "Kebithigollewa",
    "name_si": "කැබිතිගොල්ලෙව",
    "name_ta": "கெபிதிகொல்லெவ",
    "lat": 8.6000,
    "lng": 80.6000,
    "type": "Town",
    "district": "Anuradhapura",
    "province": "North Central",
    "population": 22450
  },
  {
    "name_en": "Kekirawa",
    "name_si": "කෙකිරව",
    "name_ta": "கேகிரவ",
    "lat": 8.0333,
    "lng": 80.6000,
    "type": "Town",
    "district": "Anuradhapura",
    "province": "North Central",
    "population": 10340
  },
  {
    "name_en": "Madatugama",
    "name_si": "මඩතුගම",
    "name_ta": "மடதுகம",
    "lat": 8.2500,
    "lng": 80.5000,
    "type": "Village",
    "district": "Anuradhapura",
    "province": "North Central",
    "population": 1890
  },
  {
    "name_en": "Mihintale",
    "name_si": "මිහින්තලේ",
    "name_ta": "மிஹிந்தலை",
    "lat": 8.3500,
    "lng": 80.5167,
    "type": "Historical Town",
    "district": "Anuradhapura",
    "province": "North Central",
    "population": 14520
  },
  {
    "name_en": "Nochchiyagama",
    "name_si": "නොච්චියාගම",
    "name_ta": "நொச்சியாகம",
    "lat": 8.2667,
    "lng": 80.2333,
    "type": "Town",
    "district": "Anuradhapura",
    "province": "North Central",
    "population": 8920
  },
  {
    "name_en": "Palugaswewa",
    "name_si": "පළුගස්වැව",
    "name_ta": "பலுகஸ்வெவ",
    "lat": 8.2167,
    "lng": 80.5167,
    "type": "Village",
    "district": "Anuradhapura",
    "province": "North Central",
    "population": 1450
  },
  {
    "name_en": "Rajanganaya",
    "name_si": "රාජන්ගනය",
    "name_ta": "ராஜங்கனய",
    "lat": 8.1500,
    "lng": 80.3000,
    "type": "Town",
    "district": "Anuradhapura",
    "province": "North Central",
    "population": 10340
  },
  {
    "name_en": "Rambewa",
    "name_si": "රම්බෙව",
    "name_ta": "ரம்பேவ",
    "lat": 8.3667,
    "lng": 80.3833,
    "type": "Town",
    "district": "Anuradhapura",
    "province": "North Central",
    "population": 8920
  },
  {
    "name_en": "Talawa",
    "name_si": "තලව",
    "name_ta": "தலவ",
    "lat": 8.1500,
    "lng": 80.4833,
    "type": "Town",
    "district": "Anuradhapura",
    "province": "North Central",
    "population": 24870
  },
  {
    "name_en": "Thambuttegama",
    "name_si": "තඹුත්තේගම",
    "name_ta": "தம்புத்தேகம",
    "lat": 8.1333,
    "lng": 80.2833,
    "type": "Town",
    "district": "Anuradhapura",
    "province": "North Central",
    "population": 12450
  },
  {
    "name_en": "Thirappane",
    "name_si": "තිරප්පනේ",
    "name_ta": "திரப்பனே",
    "lat": 8.2333,
    "lng": 80.5000,
    "type": "Town",
    "district": "Anuradhapura",
    "province": "North Central",
    "population": 10340
  },
  {
    "name_en": "Kurunegala",
    "name_si": "කුරුණෑගල",
    "name_ta": "குருநாகல்",
    "lat": 7.4867,
    "lng": 80.3647,
    "type": "City",
    "district": "Kurunegala",
    "province": "North Western",
    "population": 30515
  },
  {
    "name_en": "Alawwa",
    "name_si": "අලව්ව",
    "name_ta": "அலவ்வ",
    "lat": 7.3000,
    "lng": 80.2500,
    "type": "Town",
    "district": "Kurunegala",
    "province": "North Western",
    "population": 12450
  },
  {
    "name_en": "Bingiriya",
    "name_si": "බිංගිරිය",
    "name_ta": "பிங்கிரிய",
    "lat": 7.4667,
    "lng": 79.9833,
    "type": "Town",
    "district": "Kurunegala",
    "province": "North Western",
    "population": 8920
  },
  {
    "name_en": "Galgamuwa",
    "name_si": "ගල්ගමුව",
    "name_ta": "கல்கமுவ",
    "lat": 7.9667,
    "lng": 80.3000,
    "type": "Town",
    "district": "Kurunegala",
    "province": "North Western",
    "population": 10340
  },
  {
    "name_en": "Giriulla",
    "name_si": "ගිරිවල්ල",
    "name_ta": "கிரிவல்ல",
    "lat": 7.3333,
    "lng": 80.1333,
    "type": "Town",
    "district": "Kurunegala",
    "province": "North Western",
    "population": 12450
  },
  {
    "name_en": "Hettipola",
    "name_si": "හෙට්ටිපොල",
    "name_ta": "ஹெட்டிபொல",
    "lat": 7.5667,
    "lng": 80.1167,
    "type": "Town",
    "district": "Kurunegala",
    "province": "North Western",
    "population": 8920
  },
  {
    "name_en": "Ibbagamuwa",
    "name_si": "ඉබ්බගමුව",
    "name_ta": "இப்பகமுவ",
    "lat": 7.6000,
    "lng": 80.4000,
    "type": "Town",
    "district": "Kurunegala",
    "province": "North Western",
    "population": 12450
  },
  {
    "name_en": "Kuliyapitiya",
    "name_si": "කුලියාපිටිය",
    "name_ta": "குளியாப்பிட்டி",
    "lat": 7.4708,
    "lng": 80.0450,
    "type": "Town",
    "district": "Kurunegala",
    "province": "North Western",
    "population": 26165
  },
  {
    "name_en": "Maho",
    "name_si": "මහෝ",
    "name_ta": "மஹோ",
    "lat": 7.8333,
    "lng": 80.2500,
    "type": "Town",
    "district": "Kurunegala",
    "province": "North Western",
    "population": 10340
  },
  {
    "name_en": "Melsiripura",
    "name_si": "මැල්සිරිපුර",
    "name_ta": "மெல்சிரிபுர",
    "lat": 7.6333,
    "lng": 80.5000,
    "type": "Town",
    "district": "Kurunegala",
    "province": "North Western",
    "population": 8920
  },
  {
    "name_en": "Narammala",
    "name_si": "නාරම්මල",
    "name_ta": "நரம்மல",
    "lat": 7.4333,
    "lng": 80.2167,
    "type": "Town",
    "district": "Kurunegala",
    "province": "North Western",
    "population": 19230
  },
  {
    "name_en": "Nikaweratiya",
    "name_si": "නිකවැරටිය",
    "name_ta": "நிகவெரட்டி",
    "lat": 7.7667,
    "lng": 80.1167,
    "type": "Town",
    "district": "Kurunegala",
    "province": "North Western",
    "population": 18650
  },
  {
    "name_en": "Pannala",
    "name_si": "පන්නල",
    "name_ta": "பன்னல",
    "lat": 7.3333,
    "lng": 79.9000,
    "type": "Town",
    "district": "Kurunegala",
    "province": "North Western",
    "population": 12450
  },
  {
    "name_en": "Panduwasnuwara",
    "name_si": "පඬුවස්නුවර",
    "name_ta": "பண்டுவஸ்நுவர",
    "lat": 7.6000,
    "lng": 80.1167,
    "type": "Historical Town",
    "district": "Kurunegala",
    "province": "North Western",
    "population": 8920
  },
  {
    "name_en": "Polgahawela",
    "name_si": "පොල්ගහවෙල",
    "name_ta": "பொல்கஹவெல",
    "lat": 7.3333,
    "lng": 80.3000,
    "type": "Town",
    "district": "Kurunegala",
    "province": "North Western",
    "population": 14520
  },
  {
    "name_en": "Pothuhera",
    "name_si": "පොතුහේර",
    "name_ta": "பொதுஹேர",
    "lat": 7.4167,
    "lng": 80.3500,
    "type": "Town",
    "district": "Kurunegala",
    "province": "North Western",
    "population": 10340
  },
  {
    "name_en": "Rasnayakapura",
    "name_si": "රස්නායකපුර",
    "name_ta": "ரஸ்நாயகபுர",
    "lat": 7.5833,
    "lng": 80.2333,
    "type": "Town",
    "district": "Kurunegala",
    "province": "North Western",
    "population": 8920
  },
  {
    "name_en": "Wariyapola",
    "name_si": "වරියපොල",
    "name_ta": "வரியபொல",
    "lat": 7.6333,
    "lng": 80.2500,
    "type": "Town",
    "district": "Kurunegala",
    "province": "North Western",
    "population": 12450
  },
  {
    "name_en": "Yapahuwa",
    "name_si": "යාපහුව",
    "name_ta": "யாபஹுவ",
    "lat": 7.8333,
    "lng": 80.3167,
    "type": "Historical Town",
    "district": "Kurunegala",
    "province": "North Western",
    "population": 8920
  },
  {
    "name_en": "Puttalam",
    "name_si": "පුත්තලම",
    "name_ta": "புத்தளம்",
    "lat": 8.0360,
    "lng": 79.8283,
    "type": "Town",
    "district": "Puttalam",
    "province": "North Western",
    "population": 45661
  },
  {
    "name_en": "Anamaduwa",
    "name_si": "අණමඩුව",
    "name_ta": "அணமடுவ",
    "lat": 7.8667,
    "lng": 79.9000,
    "type": "Town",
    "district": "Puttalam",
    "province": "North Western",
    "population": 12450
  },
  {
    "name_en": "Arachchikattuwa",
    "name_si": "අරච්චිකට්ටුව",
    "name_ta": "அரச்சிகட்டுவ",
    "lat": 8.1667,
    "lng": 79.8000,
    "type": "Town",
    "district": "Puttalam",
    "province": "North Western",
    "population": 8920
  },
  {
    "name_en": "Chilaw",
    "name_si": "හලාවත",
    "name_ta": "சிலாபம்",
    "lat": 7.5758,
    "lng": 79.7956,
    "type": "Town",
    "district": "Puttalam",
    "province": "North Western",
    "population": 24112
  },
  {
    "name_en": "Dankotuwa",
    "name_si": "දන්කොටුව",
    "name_ta": "தன்கொட்டுவ",
    "lat": 7.3000,
    "lng": 79.8667,
    "type": "Town",
    "district": "Puttalam",
    "province": "North Western",
    "population": 15780
  },
  {
    "name_en": "Eluvankulam",
    "name_si": "එලුවන්කුලම",
    "name_ta": "எலுவன்குலம",
    "lat": 8.0667,
    "lng": 79.8667,
    "type": "Village",
    "district": "Puttalam",
    "province": "North Western",
    "population": 1450
  },
  {
    "name_en": "Kalpitiya",
    "name_si": "කල්පිටිය",
    "name_ta": "கல்பிட்டிய",
    "lat": 8.2333,
    "lng": 79.7667,
    "type": "Tourist Town",
    "district": "Puttalam",
    "province": "North Western",
    "population": 12450
  },
  {
    "name_en": "Karuwalagaswewa",
    "name_si": "කරුවලගස්වැව",
    "name_ta": "கருவலகஸ்வெவ",
    "lat": 8.0000,
    "lng": 79.9333,
    "type": "Town",
    "district": "Puttalam",
    "province": "North Western",
    "population": 8920
  },
  {
    "name_en": "Madurankuliya",
    "name_si": "මදුරන්කුලිය",
    "name_ta": "மதுரன்குலிய",
    "lat": 7.9333,
    "lng": 79.8333,
    "type": "Village",
    "district": "Puttalam",
    "province": "North Western",
    "population": 1890
  },
  {
    "name_en": "Mundalama",
    "name_si": "මුන්දලම",
    "name_ta": "முந்தலம",
    "lat": 7.9833,
    "lng": 79.8167,
    "type": "Town",
    "district": "Puttalam",
    "province": "North Western",
    "population": 10340
  },
  {
    "name_en": "Nattandiya",
    "name_si": "නත්තන්දිය",
    "name_ta": "நத்தந்திய",
    "lat": 7.4167,
    "lng": 79.8667,
    "type": "Town",
    "district": "Puttalam",
    "province": "North Western",
    "population": 19740
  },
  {
    "name_en": "Nawagattegama",
    "name_si": "නවගත්තේගම",
    "name_ta": "நவகத்தேகம",
    "lat": 7.9167,
    "lng": 79.9167,
    "type": "Town",
    "district": "Puttalam",
    "province": "North Western",
    "population": 8920
  },
  {
    "name_en": "Pallama",
    "name_si": "පල්ලම",
    "name_ta": "பல்லம",
    "lat": 7.7000,
    "lng": 79.8667,
    "type": "Town",
    "district": "Puttalam",
    "province": "North Western",
    "population": 12450
  },
  {
    "name_en": "Puttalam",
    "name_si": "පුත්තලම",
    "name_ta": "புத்தளம்",
    "lat": 8.0360,
    "lng": 79.8283,
    "type": "Town",
    "district": "Puttalam",
    "province": "North Western",
    "population": 45661
  },
  {
    "name_en": "Vanathavilluwa",
    "name_si": "වනතවිල්ලුව",
    "name_ta": "வனதவில்லுவ",
    "lat": 8.2333,
    "lng": 79.9000,
    "type": "Town",
    "district": "Puttalam",
    "province": "North Western",
    "population": 8920
  },
  {
    "name_en": "Wennappuwa",
    "name_si": "වෙන්නප්පුව",
    "name_ta": "வென்னப்புவ",
    "lat": 7.3500,
    "lng": 79.8500,
    "type": "Town",
    "district": "Puttalam",
    "province": "North Western",
    "population": 22800
  },
  {
    "name_en": "Galle",
    "name_si": "ගාල්ල",
    "name_ta": "காலி",
    "lat": 6.0325,
    "lng": 80.2158,
    "type": "City",
    "district": "Galle",
    "province": "Southern",
    "population": 93118
  },
  {
    "name_en": "Ambalangoda",
    "name_si": "අම්බලන්ගොඩ",
    "name_ta": "அம்பலங்கொட",
    "lat": 6.2356,
    "lng": 80.0539,
    "type": "Town",
    "district": "Galle",
    "province": "Southern",
    "population": 19474
  },
  {
    "name_en": "Baddegama",
    "name_si": "බද්දේගම",
    "name_ta": "பத்தேகம",
    "lat": 6.1833,
    "lng": 80.2000,
    "type": "Town",
    "district": "Galle",
    "province": "Southern",
    "population": 12450
  },
  {
    "name_en": "Bentota",
    "name_si": "බෙන්තොට",
    "name_ta": "பெந்தோட்டா",
    "lat": 6.4211,
    "lng": 80.0003,
    "type": "Tourist Town",
    "district": "Galle",
    "province": "Southern",
    "population": 37800
  },
  {
    "name_en": "Elpitiya",
    "name_si": "ඇල්පිටිය",
    "name_ta": "எல்பிட்டி",
    "lat": 6.2833,
    "lng": 80.1667,
    "type": "Town",
    "district": "Galle",
    "province": "Southern",
    "population": 27533
  },
  {
    "name_en": "Habaraduwa",
    "name_si": "හබරදුව",
    "name_ta": "ஹபரதுவ",
    "lat": 6.0667,
    "lng": 80.3000,
    "type": "Town",
    "district": "Galle",
    "province": "Southern",
    "population": 10340
  },
  {
    "name_en": "Hikkaduwa",
    "name_si": "හික්කඩුව",
    "name_ta": "இக்கடுவை",
    "lat": 6.1406,
    "lng": 80.1017,
    "type": "Tourist Town",
    "district": "Galle",
    "province": "Southern",
    "population": 26774
  },
  {
    "name_en": "Imaduwa",
    "name_si": "ඉමදුව",
    "name_ta": "இமதுவ",
    "lat": 6.0667,
    "lng": 80.3833,
    "type": "Town",
    "district": "Galle",
    "province": "Southern",
    "population": 8920
  },
  {
    "name_en": "Karandeniya",
    "name_si": "කරන්දෙනිය",
    "name_ta": "கரந்தெனிய",
    "lat": 6.2500,
    "lng": 80.0833,
    "type": "Town",
    "district": "Galle",
    "province": "Southern",
    "population": 12450
  },
  {
    "name_en": "Nagoda",
    "name_si": "නාගොඩ",
    "name_ta": "நாகொட",
    "lat": 6.1667,
    "lng": 80.2167,
    "type": "Town",
    "district": "Galle",
    "province": "Southern",
    "population": 10340
  },
  {
    "name_en": "Neluwa",
    "name_si": "නෙලුව",
    "name_ta": "நெலுவ",
    "lat": 6.3667,
    "lng": 80.3833,
    "type": "Town",
    "district": "Galle",
    "province": "Southern",
    "population": 8920
  },
  {
    "name_en": "Thawalama",
    "name_si": "තවලම",
    "name_ta": "தவலம",
    "lat": 6.3333,
    "lng": 80.4333,
    "type": "Town",
    "district": "Galle",
    "province": "Southern",
    "population": 10340
  },
  {
    "name_en": "Udugama",
    "name_si": "උඩුගම",
    "name_ta": "உடுகம",
    "lat": 6.2167,
    "lng": 80.3333,
    "type": "Town",
    "district": "Galle",
    "province": "Southern",
    "population": 12450
  },
  {
    "name_en": "Weligama",
    "name_si": "වැලිගම",
    "name_ta": "வெலிகம",
    "lat": 5.9739,
    "lng": 80.4294,
    "type": "Town",
    "district": "Matara",
    "province": "Southern",
    "population": 22437
  },
  {
    "name_en": "Akuressa",
    "name_si": "අකුරැස්ස",
    "name_ta": "அகுரெஸ்ஸ",
    "lat": 6.1000,
    "lng": 80.4833,
    "type": "Town",
    "district": "Matara",
    "province": "Southern",
    "population": 12450
  },
  {
    "name_en": "Athuraliya",
    "name_si": "අතුරලිය",
    "name_ta": "அதுரலிய",
    "lat": 6.0833,
    "lng": 80.5667,
    "type": "Town",
    "district": "Matara",
    "province": "Southern",
    "population": 8920
  },
  {
    "name_en": "Devinuwara",
    "name_si": "දෙවිනුවර",
    "name_ta": "தேவினுவர",
    "lat": 5.9333,
    "lng": 80.5833,
    "type": "Town",
    "district": "Matara",
    "province": "Southern",
    "population": 10340
  },
  {
    "name_en": "Hakmana",
    "name_si": "හක්මන",
    "name_ta": "ஹக்மன",
    "lat": 6.0833,
    "lng": 80.6167,
    "type": "Town",
    "district": "Matara",
    "province": "Southern",
    "population": 12450
  },
  {
    "name_en": "Kamburupitiya",
    "name_si": "කඹුරුපිටිය",
    "name_ta": "கம்புருபிட்டி",
    "lat": 6.0667,
    "lng": 80.5667,
    "type": "Town",
    "district": "Matara",
    "province": "Southern",
    "population": 10340
  },
  {
    "name_en": "Kotapola",
    "name_si": "කොටපොල",
    "name_ta": "கொடபொல",
    "lat": 6.1500,
    "lng": 80.5333,
    "type": "Town",
    "district": "Matara",
    "province": "Southern",
    "population": 8920
  },
  {
    "name_en": "Malimbada",
    "name_si": "මලිම්බඩ",
    "name_ta": "மலிம்பட",
    "lat": 5.9667,
    "lng": 80.5000,
    "type": "Town",
    "district": "Matara",
    "province": "Southern",
    "population": 10340
  },
  {
    "name_en": "Matara",
    "name_si": "මාතර",
    "name_ta": "மாத்தறை",
    "lat": 5.9480,
    "lng": 80.5353,
    "type": "City",
    "district": "Matara",
    "province": "Southern",
    "population": 74542
  },
  {
    "name_en": "Mulatiyana",
    "name_si": "මුලතියන",
    "name_ta": "முலதியன",
    "lat": 6.2167,
    "lng": 80.5000,
    "type": "Town",
    "district": "Matara",
    "province": "Southern",
    "population": 8920
  },
  {
    "name_en": "Pasgoda",
    "name_si": "පස්ගොඩ",
    "name_ta": "பஸ்கொட",
    "lat": 6.1500,
    "lng": 80.6000,
    "type": "Town",
    "district": "Matara",
    "province": "Southern",
    "population": 10340
  },
  {
    "name_en": "Pitabeddara",
    "name_si": "පිටබේද්දර",
    "name_ta": "பிடபெத்தர",
    "lat": 6.2333,
    "lng": 80.4667,
    "type": "Town",
    "district": "Matara",
    "province": "Southern",
    "population": 12450
  },
  {
    "name_en": "Thihagoda",
    "name_si": "තිහගොඩ",
    "name_ta": "திஹகொட",
    "lat": 6.0000,
    "lng": 80.5833,
    "type": "Town",
    "district": "Matara",
    "province": "Southern",
    "population": 10340
  },
  {
    "name_en": "Weligama",
    "name_si": "වැලිගම",
    "name_ta": "வெலிகம",
    "lat": 5.9739,
    "lng": 80.4294,
    "type": "Town",
    "district": "Matara",
    "province": "Southern",
    "population": 22437
  },
  {
    "name_en": "Wilpita",
    "name_si": "විල්පිට",
    "name_ta": "வில்பிட",
    "lat": 6.1333,
    "lng": 80.5167,
    "type": "Village",
    "district": "Matara",
    "province": "Southern",
    "population": 1890
  },
  {
    "name_en": "Hambantota",
    "name_si": "හම්බන්තොට",
    "name_ta": "அம்பாந்தோட்டை",
    "lat": 6.1246,
    "lng": 81.1186,
    "type": "City",
    "district": "Hambantota",
    "province": "Southern",
    "population": 11213
  },
  {
    "name_en": "Ambalantota",
    "name_si": "අම්බලන්තොට",
    "name_ta": "அம்பலந்தொட்டை",
    "lat": 6.1167,
    "lng": 81.0333,
    "type": "Town",
    "district": "Hambantota",
    "province": "Southern",
    "population": 12450
  },
  {
    "name_en": "Angunakolapelessa",
    "name_si": "අඟුණකොලපැලැස්ස",
    "name_ta": "அங்குணகொலபெலெஸ்ஸ",
    "lat": 6.1667,
    "lng": 80.9000,
    "type": "Town",
    "district": "Hambantota",
    "province": "Southern",
    "population": 8920
  },
  {
    "name_en": "Beliatta",
    "name_si": "බෙලිඅත්ත",
    "name_ta": "பெலியத்தை",
    "lat": 6.0500,
    "lng": 80.7500,
    "type": "Town",
    "district": "Hambantota",
    "province": "Southern",
    "population": 18740
  },
  {
    "name_en": "Hambantota",
    "name_si": "හම්බන්තොට",
    "name_ta": "அம்பாந்தோட்டை",
    "lat": 6.1246,
    "lng": 81.1186,
    "type": "City",
    "district": "Hambantota",
    "province": "Southern",
    "population": 11213
  },
  {
    "name_en": "Katuwana",
    "name_si": "කටුවන",
    "name_ta": "கட்டுவன",
    "lat": 6.2833,
    "lng": 80.7167,
    "type": "Town",
    "district": "Hambantota",
    "province": "Southern",
    "population": 10340
  },
  {
    "name_en": "Lunugamwehera",
    "name_si": "ලුණුගම්වෙහෙර",
    "name_ta": "லுனுகம்வெஹெர",
    "lat": 6.3500,
    "lng": 81.2333,
    "type": "Town",
    "district": "Hambantota",
    "province": "Southern",
    "population": 8920
  },
  {
    "name_en": "Okewela",
    "name_si": "ඔකේවෙල",
    "name_ta": "ஒகேவெல",
    "lat": 6.4667,
    "lng": 81.0167,
    "type": "Village",
    "district": "Hambantota",
    "province": "Southern",
    "population": 1450
  },
  {
    "name_en": "Sooriyawewa",
    "name_si": "සූරියවැව",
    "name_ta": "சூரியவெவ",
    "lat": 6.2833,
    "lng": 81.2333,
    "type": "Town",
    "district": "Hambantota",
    "province": "Southern",
    "population": 10340
  },
  {
    "name_en": "Tangalle",
    "name_si": "තංගල්ල",
    "name_ta": "தங்காலை",
    "lat": 6.0231,
    "lng": 80.7889,
    "type": "Town",
    "district": "Hambantota",
    "province": "Southern",
    "population": 10800
  },
  {
    "name_en": "Tissamaharama",
    "name_si": "තිස්සමහාරාමය",
    "name_ta": "திஸ்ஸமஹாராம",
    "lat": 6.2833,
    "lng": 81.2833,
    "type": "Town",
    "district": "Hambantota",
    "province": "Southern",
    "population": 11230
  },
  {
    "name_en": "Walasmulla",
    "name_si": "වලස්මුල්ල",
    "name_ta": "வலஸ்முல்ல",
    "lat": 6.1500,
    "lng": 80.6667,
    "type": "Town",
    "district": "Hambantota",
    "province": "Southern",
    "population": 12450
  },
  {
    "name_en": "Weeraketiya",
    "name_si": "වීරකැටිය",
    "name_ta": "வீரகெட்டிய",
    "lat": 6.1500,
    "lng": 80.8167,
    "type": "Town",
    "district": "Hambantota",
    "province": "Southern",
    "population": 8920
  },
  {
    "name_en": "Jaffna",
    "name_si": "යාපනය",
    "name_ta": "யாழ்ப்பாணம்",
    "lat": 9.6615,
    "lng": 80.0255,
    "type": "City",
    "district": "Jaffna",
    "province": "Northern",
    "population": 88138
  },
  {
    "name_en": "Chavakachcheri",
    "name_si": "චාවකච්චේරි",
    "name_ta": "சாவகச்சேரி",
    "lat": 9.6667,
    "lng": 80.1500,
    "type": "Town",
    "district": "Jaffna",
    "province": "Northern",
    "population": 41170
  },
  {
    "name_en": "Karainagar",
    "name_si": "කරයිනගර්",
    "name_ta": "கரைநகர",
    "lat": 9.7333,
    "lng": 79.8833,
    "type": "Town",
    "district": "Jaffna",
    "province": "Northern",
    "population": 10340
  },
  {
    "name_en": "Kayts",
    "name_si": "කයිට්ස්",
    "name_ta": "காய்த்",
    "lat": 9.6833,
    "lng": 79.8500,
    "type": "Town",
    "district": "Jaffna",
    "province": "Northern",
    "population": 12450
  },
  {
    "name_en": "Kopay",
    "name_si": "කොපාය",
    "name_ta": "கொபாய",
    "lat": 9.7167,
    "lng": 80.0333,
    "type": "Town",
    "district": "Jaffna",
    "province": "Northern",
    "population": 8920
  },
  {
    "name_en": "Nallur",
    "name_si": "නල්ලුර්",
    "name_ta": "நல்லூர்",
    "lat": 9.6833,
    "lng": 80.0333,
    "type": "Town",
    "district": "Jaffna",
    "province": "Northern",
    "population": 14520
  },
  {
    "name_en": "Point Pedro",
    "name_si": "පේදුරුතුඩුව",
    "name_ta": "பருத்தித்துறை",
    "lat": 9.8167,
    "lng": 80.2333,
    "type": "Town",
    "district": "Jaffna",
    "province": "Northern",
    "population": 31257
  },
  {
    "name_en": "Sandilipay",
    "name_si": "සන්දිලිපාය",
    "name_ta": "சந்திலிபாய்",
    "lat": 9.7667,
    "lng": 80.0167,
    "type": "Town",
    "district": "Jaffna",
    "province": "Northern",
    "population": 10340
  },
  {
    "name_en": "Tellippalai",
    "name_si": "තෙල්ලිප්පලෙයි",
    "name_ta": "தெல்லிப்பளை",
    "lat": 9.7833,
    "lng": 80.0333,
    "type": "Town",
    "district": "Jaffna",
    "province": "Northern",
    "population": 8920
  },
  {
    "name_en": "Uduvil",
    "name_si": "උඩුවිල්",
    "name_ta": "உடுவில்",
    "lat": 9.8000,
    "lng": 80.0167,
    "type": "Town",
    "district": "Jaffna",
    "province": "Northern",
    "population": 10340
  },
  {
    "name_en": "Kilinochchi",
    "name_si": "කිලිනොච්චිය",
    "name_ta": "கிளிநொச்சி",
    "lat": 9.4000,
    "lng": 80.4000,
    "type": "Town",
    "district": "Kilinochchi",
    "province": "Northern",
    "population": 10395
  },
  {
    "name_en": "Kandavalai",
    "name_si": "කන්දවල",
    "name_ta": "கந்தவல",
    "lat": 9.3500,
    "lng": 80.4000,
    "type": "Town",
    "district": "Kilinochchi",
    "province": "Northern",
    "population": 8920
  },
  {
    "name_en": "Karachchi",
    "name_si": "කරච්චි",
    "name_ta": "கரச்சி",
    "lat": 9.3833,
    "lng": 80.4167,
    "type": "Town",
    "district": "Kilinochchi",
    "province": "Northern",
    "population": 10340
  },
  {
    "name_en": "Pachchilaipalli",
    "name_si": "පච්චිලෙපල්ලි",
    "name_ta": "பச்சிலைப்பள்ளி",
    "lat": 9.4167,
    "lng": 80.3833,
    "type": "Town",
    "district": "Kilinochchi",
    "province": "Northern",
    "population": 8920
  },
  {
    "name_en": "Paranthan",
    "name_si": "පාරන්තන්",
    "name_ta": "பாரந்தன்",
    "lat": 9.4500,
    "lng": 80.4167,
    "type": "Town",
    "district": "Kilinochchi",
    "province": "Northern",
    "population": 12450
  },
  {
    "name_en": "Mannar",
    "name_si": "මන්නාරම",
    "name_ta": "மன்னார்",
    "lat": 8.9814,
    "lng": 79.9114,
    "type": "Town",
    "district": "Mannar",
    "province": "Northern",
    "population": 35301
  },
  {
    "name_en": "Nanaddan",
    "name_si": "නානද්දන්",
    "name_ta": "நானத்தன்",
    "lat": 8.9333,
    "lng": 79.9500,
    "type": "Town",
    "district": "Mannar",
    "province": "Northern",
    "population": 8920
  },
  {
    "name_en": "Madhu",
    "name_si": "මධු",
    "name_ta": "மது",
    "lat": 8.8500,
    "lng": 80.3000,
    "type": "Pilgrimage Town",
    "district": "Mannar",
    "province": "Northern",
    "population": 1450
  },
  {
    "name_en": "Murunkan",
    "name_si": "මුරුන්කන්",
    "name_ta": "முருங்கன்",
    "lat": 8.7667,
    "lng": 80.1667,
    "type": "Town",
    "district": "Mannar",
    "province": "Northern",
    "population": 10340
  },
  {
    "name_en": "Vavuniya",
    "name_si": "වවුනියාව",
    "name_ta": "வவுனியா",
    "lat": 8.7500,
    "lng": 80.4833,
    "type": "Town",
    "district": "Vavuniya",
    "province": "Northern",
    "population": 75721
  },
  {
    "name_en": "Cheddikulam",
    "name_si": "චෙද්දිකුලම්",
    "name_ta": "செத்திகுளம்",
    "lat": 8.6333,
    "lng": 80.5167,
    "type": "Town",
    "district": "Vavuniya",
    "province": "Northern",
    "population": 8920
  },
  {
    "name_en": "Vavuniya",
    "name_si": "වවුනියාව",
    "name_ta": "வவுனியா",
    "lat": 8.7500,
    "lng": 80.4833,
    "type": "Town",
    "district": "Vavuniya",
    "province": "Northern",
    "population": 75721
  },
  {
    "name_en": "Mullaitivu",
    "name_si": "මුල්ලයිතීවු",
    "name_ta": "முல்லைத்தீவு",
    "lat": 9.2667,
    "lng": 80.8167,
    "type": "Town",
    "district": "Mullaitivu",
    "province": "Northern",
    "population": 37109
  },
  {
    "name_en": "Oddusuddan",
    "name_si": "ඔඩුසුද්දන්",
    "name_ta": "ஒட்டுசுத்தன்",
    "lat": 9.1000,
    "lng": 80.7833,
    "type": "Town",
    "district": "Mullaitivu",
    "province": "Northern",
    "population": 8920
  },
  {
    "name_en": "Puthukudiyiruppu",
    "name_si": "පුතුකුඩියිරුප්පු",
    "name_ta": "புதுக்குடியிருப்பு",
    "lat": 9.3000,
    "lng": 80.7000,
    "type": "Town",
    "district": "Mullaitivu",
    "province": "Northern",
    "population": 12450
  },
  {
    "name_en": "Trincomalee",
    "name_si": "ත්‍රිකුණාමලය",
    "name_ta": "திருகோணமலை",
    "lat": 8.5874,
    "lng": 81.2152,
    "type": "City",
    "district": "Trincomalee",
    "province": "Eastern",
    "population": 99135
  },
  {
    "name_en": "Gomarankadawala",
    "name_si": "ගොමරන්කඩවල",
    "name_ta": "கொமரன்கடவல",
    "lat": 8.5167,
    "lng": 80.9167,
    "type": "Town",
    "district": "Trincomalee",
    "province": "Eastern",
    "population": 8920
  },
  {
    "name_en": "Kantalai",
    "name_si": "කන්තලෙයි",
    "name_ta": "கந்தலை",
    "lat": 8.3500,
    "lng": 81.0000,
    "type": "Town",
    "district": "Trincomalee",
    "province": "Eastern",
    "population": 10340
  },
  {
    "name_en": "Kinniya",
    "name_si": "කින්නියා",
    "name_ta": "கிண்ணியா",
    "lat": 8.5167,
    "lng": 81.1833,
    "type": "Town",
    "district": "Trincomalee",
    "province": "Eastern",
    "population": 15740
  },
  {
    "name_en": "Kuchchaveli",
    "name_si": "කුච්චවේලි",
    "name_ta": "குச்சவேலி",
    "lat": 8.8167,
    "lng": 80.9500,
    "type": "Town",
    "district": "Trincomalee",
    "province": "Eastern",
    "population": 8920
  },
  {
    "name_en": "Morawewa",
    "name_si": "මොරවැව",
    "name_ta": "மொரவெவ",
    "lat": 8.2333,
    "lng": 81.0000,
    "type": "Town",
    "district": "Trincomalee",
    "province": "Eastern",
    "population": 10340
  },
  {
    "name_en": "Muttur",
    "name_si": "මුත්තුර්",
    "name_ta": "முத்தூர்",
    "lat": 8.4500,
    "lng": 81.2667,
    "type": "Town",
    "district": "Trincomalee",
    "province": "Eastern",
    "population": 12450
  },
  {
    "name_en": "Padavi Sri Pura",
    "name_si": "පාඩවි ශ්‍රී පුර",
    "name_ta": "பாடவி ஸ்ரீ புர",
    "lat": 8.3000,
    "lng": 81.0833,
    "type": "Town",
    "district": "Trincomalee",
    "province": "Eastern",
    "population": 8920
  },
  {
    "name_en": "Seruvila",
    "name_si": "සේරුවිල",
    "name_ta": "சேருவில",
    "lat": 8.3667,
    "lng": 81.3000,
    "type": "Town",
    "district": "Trincomalee",
    "province": "Eastern",
    "population": 10340
  },
  {
    "name_en": "Thampalagamam",
    "name_si": "තම්පලගමම්",
    "name_ta": "தம்பலகமம்",
    "lat": 8.5333,
    "lng": 81.1333,
    "type": "Town",
    "district": "Trincomalee",
    "province": "Eastern",
    "population": 12450
  },
  {
    "name_en": "Batticaloa",
    "name_si": "මඩකලපුව",
    "name_ta": "மட்டக்களப்பு",
    "lat": 7.7167,
    "lng": 81.7000,
    "type": "City",
    "district": "Batticaloa",
    "province": "Eastern",
    "population": 92705
  },
  {
    "name_en": "Eravur",
    "name_si": "එරාවුර්",
    "name_ta": "ஏறாவூர்",
    "lat": 7.7667,
    "lng": 81.6000,
    "type": "Town",
    "district": "Batticaloa",
    "province": "Eastern",
    "population": 12450
  },
  {
    "name_en": "Kattankudy",
    "name_si": "කට්ටන්කුඩි",
    "name_ta": "கட்டன்குடி",
    "lat": 7.6833,
    "lng": 81.7333,
    "type": "Town",
    "district": "Batticaloa",
    "province": "Eastern",
    "population": 14520
  },
  {
    "name_en": "Koralai Pattu",
    "name_si": "කොරලෙයි පට්ටු",
    "name_ta": "கொரளை பட்டு",
    "lat": 7.5833,
    "lng": 81.7833,
    "type": "Town",
    "district": "Batticaloa",
    "province": "Eastern",
    "population": 8920
  },
  {
    "name_en": "Manmunai",
    "name_si": "මන්මුනෙයි",
    "name_ta": "மன்முனை",
    "lat": 7.7500,
    "lng": 81.6833,
    "type": "Town",
    "district": "Batticaloa",
    "province": "Eastern",
    "population": 10340
  },
  {
    "name_en": "Porativu",
    "name_si": "පොරතිවු",
    "name_ta": "பொரதிவு",
    "lat": 7.7167,
    "lng": 81.6833,
    "type": "Town",
    "district": "Batticaloa",
    "province": "Eastern",
    "population": 8920
  },
  {
    "name_en": "Valaichchenai",
    "name_si": "වලච්චේන",
    "name_ta": "வளைச்சேனை",
    "lat": 7.9333,
    "lng": 81.5333,
    "type": "Town",
    "district": "Batticaloa",
    "province": "Eastern",
    "population": 22450
  },
  {
    "name_en": "Ampara",
    "name_si": "අම්පාර",
    "name_ta": "அம்பாறை",
    "lat": 7.2833,
    "lng": 81.6667,
    "type": "Town",
    "district": "Ampara",
    "province": "Eastern",
    "population": 17864
  },
  {
    "name_en": "Akkaraipattu",
    "name_si": "අක්කරයිපට්ටු",
    "name_ta": "அக்கரைப்பட்டு",
    "lat": 7.2167,
    "lng": 81.8500,
    "type": "Town",
    "district": "Ampara",
    "province": "Eastern",
    "population": 12450
  },
  {
    "name_en": "Alayadi Vembu",
    "name_si": "අලයදි වෙම්බු",
    "name_ta": "அலயடி வெம்பு",
    "lat": 7.1833,
    "lng": 81.8000,
    "type": "Town",
    "district": "Ampara",
    "province": "Eastern",
    "population": 8920
  },
  {
    "name_en": "Damana",
    "name_si": "දමන",
    "name_ta": "தமன",
    "lat": 7.1000,
    "lng": 81.6333,
    "type": "Town",
    "district": "Ampara",
    "province": "Eastern",
    "population": 10340
  },
  {
    "name_en": "Dehiattakandiya",
    "name_si": "දෙහිඅත්තකන්දිය",
    "name_ta": "தெஹியட்டகந்திய",
    "lat": 7.7167,
    "lng": 81.0833,
    "type": "Town",
    "district": "Ampara",
    "province": "Eastern",
    "population": 8920
  },
  {
    "name_en": "Kalmunai",
    "name_si": "කල්මුනේ",
    "name_ta": "கல்முனை",
    "lat": 7.4167,
    "lng": 81.8333,
    "type": "City",
    "district": "Ampara",
    "province": "Eastern",
    "population": 106619
  },
  {
    "name_en": "Maha Oya",
    "name_si": "මහ ඔය",
    "name_ta": "மஹ ஓய",
    "lat": 7.5667,
    "lng": 81.3833,
    "type": "Town",
    "district": "Ampara",
    "province": "Eastern",
    "population": 10340
  },
  {
    "name_en": "Navithanveli",
    "name_si": "නවිතන්වෙලි",
    "name_ta": "நவிதன்வெலி",
    "lat": 7.0833,
    "lng": 81.8333,
    "type": "Town",
    "district": "Ampara",
    "province": "Eastern",
    "population": 8920
  },
  {
    "name_en": "Ninthavur",
    "name_si": "නින්තවුර්",
    "name_ta": "நிந்தவூர்",
    "lat": 7.3667,
    "lng": 81.8667,
    "type": "Town",
    "district": "Ampara",
    "province": "Eastern",
    "population": 12450
  },
  {
    "name_en": "Padiyathalawa",
    "name_si": "පදියතලව",
    "name_ta": "படியதலவ",
    "lat": 7.4000,
    "lng": 81.2333,
    "type": "Town",
    "district": "Ampara",
    "province": "Eastern",
    "population": 10340
  },
  {
    "name_en": "Sainthamaruthu",
    "name_si": "සයින්තමරුතු",
    "name_ta": "சைந்தமருது",
    "lat": 7.3833,
    "lng": 81.8500,
    "type": "Town",
    "district": "Ampara",
    "province": "Eastern",
    "population": 28960
  },
  {
    "name_en": "Sammanthurai",
    "name_si": "සම්මන්තුරෙයි",
    "name_ta": "சம்மந்துறை",
    "lat": 7.3833,
    "lng": 81.8000,
    "type": "Town",
    "district": "Ampara",
    "province": "Eastern",
    "population": 12450
  },
  {
    "name_en": "Uhana",
    "name_si": "උහන",
    "name_ta": "உஹன",
    "lat": 7.3667,
    "lng": 81.6667,
    "type": "Town",
    "district": "Ampara",
    "province": "Eastern",
    "population": 10340
  },
  {
    "name_en": "Ratnapura",
    "name_si": "රත්නපුර",
    "name_ta": "இரத்தினபுரி",
    "lat": 6.6828,
    "lng": 80.3992,
    "type": "City",
    "district": "Ratnapura",
    "province": "Sabaragamuwa",
    "population": 46556
  },
  {
    "name_en": "Balangoda",
    "name_si": "බලංගොඩ",
    "name_ta": "பலங்கொட",
    "lat": 6.6500,
    "lng": 80.7000,
    "type": "Town",
    "district": "Ratnapura",
    "province": "Sabaragamuwa",
    "population": 17220
  },
  {
    "name_en": "Eheliyagoda",
    "name_si": "ඇහැලියගොඩ",
    "name_ta": "எஹெலியகொட",
    "lat": 6.8500,
    "lng": 80.2667,
    "type": "Town",
    "district": "Ratnapura",
    "province": "Sabaragamuwa",
    "population": 12450
  },
  {
    "name_en": "Elapatha",
    "name_si": "ඇලපත",
    "name_ta": "எலபத",
    "lat": 6.6167,
    "lng": 80.5833,
    "type": "Town",
    "district": "Ratnapura",
    "province": "Sabaragamuwa",
    "population": 8920
  },
  {
    "name_en": "Embilipitiya",
    "name_si": "ඇඹිලිපිටිය",
    "name_ta": "எம்பிலிப்பிட்டி",
    "lat": 6.3500,
    "lng": 80.8500,
    "type": "Town",
    "district": "Ratnapura",
    "province": "Sabaragamuwa",
    "population": 23592
  },
  {
    "name_en": "Godakawela",
    "name_si": "ගොඩකවෙල",
    "name_ta": "கொடகவெல",
    "lat": 6.5667,
    "lng": 80.6500,
    "type": "Town",
    "district": "Ratnapura",
    "province": "Sabaragamuwa",
    "population": 10340
  },
  {
    "name_en": "Imbulpe",
    "name_si": "ඉබුල්පේ",
    "name_ta": "இம்புல்பே",
    "lat": 6.7167,
    "lng": 80.8167,
    "type": "Town",
    "district": "Ratnapura",
    "province": "Sabaragamuwa",
    "population": 8920
  },
  {
    "name_en": "Kahawatta",
    "name_si": "කහවත්ත",
    "name_ta": "கஹவத்த",
    "lat": 6.5833,
    "lng": 80.5833,
    "type": "Town",
    "district": "Ratnapura",
    "province": "Sabaragamuwa",
    "population": 12450
  },
  {
    "name_en": "Kalawana",
    "name_si": "කලවාන",
    "name_ta": "கலவான",
    "lat": 6.5333,
    "lng": 80.4000,
    "type": "Town",
    "district": "Ratnapura",
    "province": "Sabaragamuwa",
    "population": 10340
  },
  {
    "name_en": "Kiriella",
    "name_si": "කිරියෙල්ල",
    "name_ta": "கிரியெல்ல",
    "lat": 6.7833,
    "lng": 80.3500,
    "type": "Town",
    "district": "Ratnapura",
    "province": "Sabaragamuwa",
    "population": 8920
  },
  {
    "name_en": "Kolonna",
    "name_si": "කොලොන්න",
    "name_ta": "கொலொன்ன",
    "lat": 6.4667,
    "lng": 80.6167,
    "type": "Town",
    "district": "Ratnapura",
    "province": "Sabaragamuwa",
    "population": 10340
  },
  {
    "name_en": "Kuruwita",
    "name_si": "කුරුවිට",
    "name_ta": "குருவிட",
    "lat": 6.7833,
    "lng": 80.3667,
    "type": "Town",
    "district": "Ratnapura",
    "province": "Sabaragamuwa",
    "population": 12450
  },
  {
    "name_en": "Nivithigala",
    "name_si": "නිවිතිගල",
    "name_ta": "நிவிதிகல",
    "lat": 6.6500,
    "lng": 80.3167,
    "type": "Town",
    "district": "Ratnapura",
    "province": "Sabaragamuwa",
    "population": 8920
  },
  {
    "name_en": "Opanayaka",
    "name_si": "ඔපනායක",
    "name_ta": "ஒபநாயக",
    "lat": 6.5667,
    "lng": 80.5333,
    "type": "Town",
    "district": "Ratnapura",
    "province": "Sabaragamuwa",
    "population": 10340
  },
  {
    "name_en": "Pelmadulla",
    "name_si": "පැල්මඩුල්ල",
    "name_ta": "பெல்மடுல்ல",
    "lat": 6.6333,
    "lng": 80.5333,
    "type": "Town",
    "district": "Ratnapura",
    "province": "Sabaragamuwa",
    "population": 12450
  },
  {
    "name_en": "Rakwana",
    "name_si": "රක්වාන",
    "name_ta": "ரக்வான",
    "lat": 6.4833,
    "lng": 80.6333,
    "type": "Town",
    "district": "Ratnapura",
    "province": "Sabaragamuwa",
    "population": 10340
  },
  {
    "name_en": "Weligepola",
    "name_si": "වැලිගේපොල",
    "name_ta": "வெலிகேபொல",
    "lat": 6.5167,
    "lng": 80.4667,
    "type": "Town",
    "district": "Ratnapura",
    "province": "Sabaragamuwa",
    "population": 8920
  },
  {
    "name_en": "Kegalle",
    "name_si": "කෑගල්ල",
    "name_ta": "கேகாலை",
    "lat": 7.2533,
    "lng": 80.3464,
    "type": "Town",
    "district": "Kegalle",
    "province": "Sabaragamuwa",
    "population": 17350
  },
  {
    "name_en": "Aranayake",
    "name_si": "ආරණායක",
    "name_ta": "ஆரணாயக",
    "lat": 7.1667,
    "lng": 80.4500,
    "type": "Town",
    "district": "Kegalle",
    "province": "Sabaragamuwa",
    "population": 12450
  },
  {
    "name_en": "Bulathkohupitiya",
    "name_si": "බුලත්කොහුපිටිය",
    "name_ta": "புலத்த்கொஹுபிட்டி",
    "lat": 7.1000,
    "lng": 80.3333,
    "type": "Town",
    "district": "Kegalle",
    "province": "Sabaragamuwa",
    "population": 8920
  },
  {
    "name_en": "Dehiowita",
    "name_si": "දෙහිඕවිට",
    "name_ta": "தெஹியொவிட",
    "lat": 6.9667,
    "lng": 80.2667,
    "type": "Town",
    "district": "Kegalle",
    "province": "Sabaragamuwa",
    "population": 10340
  },
  {
    "name_en": "Deraniyagala",
    "name_si": "දැරණියගල",
    "name_ta": "தெரணியகல",
    "lat": 6.9333,
    "lng": 80.3333,
    "type": "Town",
    "district": "Kegalle",
    "province": "Sabaragamuwa",
    "population": 12450
  },
  {
    "name_en": "Galigamuwa",
    "name_si": "ගලිගමුව",
    "name_ta": "கலிகமுவ",
    "lat": 7.2333,
    "lng": 80.3000,
    "type": "Town",
    "district": "Kegalle",
    "province": "Sabaragamuwa",
    "population": 8920
  },
  {
    "name_en": "Kitulgala",
    "name_si": "කිතුල්ගල",
    "name_ta": "கிதுல்கலை",
    "lat": 6.9894,
    "lng": 80.4172,
    "type": "Tourist Village",
    "district": "Kegalle",
    "province": "Sabaragamuwa",
    "population": 3240
  },
  {
    "name_en": "Mawanella",
    "name_si": "මාවනැල්ල",
    "name_ta": "மாவனெல்ல",
    "lat": 7.2500,
    "lng": 80.4500,
    "type": "Town",
    "district": "Kegalle",
    "province": "Sabaragamuwa",
    "population": 14520
  },
  {
    "name_en": "Rambukkana",
    "name_si": "රම්බුක්කන",
    "name_ta": "ரம்புக்கன",
    "lat": 7.3333,
    "lng": 80.3833,
    "type": "Town",
    "district": "Kegalle",
    "province": "Sabaragamuwa",
    "population": 10340
  },
  {
    "name_en": "Ruwanwella",
    "name_si": "රුවන්වැල්ල",
    "name_ta": "ருவன்வெல்ல",
    "lat": 7.0500,
    "lng": 80.2500,
    "type": "Town",
    "district": "Kegalle",
    "province": "Sabaragamuwa",
    "population": 8920
  },
  {
    "name_en": "Warakapola",
    "name_si": "වරකාපොල",
    "name_ta": "வரகாபொல",
    "lat": 7.2333,
    "lng": 80.1667,
    "type": "Town",
    "district": "Kegalle",
    "province": "Sabaragamuwa",
    "population": 12450
  },
  {
    "name_en": "Yatiyantota",
    "name_si": "යටියන්තොට",
    "name_ta": "யடியந்தொட்ட",
    "lat": 6.9000,
    "lng": 80.2833,
    "type": "Town",
    "district": "Kegalle",
    "province": "Sabaragamuwa",
    "population": 10340
  },
  {
    "name_en": "Colombo",
    "name_si": "කොළඹ",
    "name_ta": "கொழும்பு",
    "lat": 6.9271,
    "lng": 79.8612,
    "type": "Commercial Capital",
    "district": "Colombo",
    "province": "Western",
    "population": 752993
  },
  {
    "name_en": "Borella",
    "name_si": "බොරැල්ල",
    "name_ta": "பொரெல்ல",
    "lat": 6.9167,
    "lng": 79.8667,
    "type": "Suburb",
    "district": "Colombo",
    "province": "Western",
    "population": 45230
  },
  {
    "name_en": "Cinnamon Gardens",
    "name_si": "කුරුඳු වත්ත",
    "name_ta": "கருவாம்பட்டி",
    "lat": 6.9000,
    "lng": 79.8667,
    "type": "Suburb",
    "district": "Colombo",
    "province": "Western",
    "population": 32410
  },
  {
    "name_en": "Havelock Town",
    "name_si": "හැවලක් නගරය",
    "name_ta": "ஹேவ்லக் நகரம்",
    "lat": 6.9000,
    "lng": 79.8500,
    "type": "Suburb",
    "district": "Colombo",
    "province": "Western",
    "population": 28420
  },
  {
    "name_en": "Hokandara",
    "name_si": "හොකන්දර",
    "name_ta": "ஹொகந்தர",
    "lat": 6.8667,
    "lng": 79.9500,
    "type": "Suburb",
    "district": "Colombo",
    "province": "Western",
    "population": 45230
  },
  {
    "name_en": "Kiribathgoda",
    "name_si": "කිරිබත්ගොඩ",
    "name_ta": "கிரிபத்த்கொட",
    "lat": 6.9833,
    "lng": 79.9167,
    "type": "Town",
    "district": "Gampaha",
    "province": "Western",
    "population": 56210
  },
  {
    "name_en": "Kohuwala",
    "name_si": "කොහුවල",
    "name_ta": "கொஹுவல",
    "lat": 6.8500,
    "lng": 79.8833,
    "type": "Suburb",
    "district": "Colombo",
    "province": "Western",
    "population": 32410
  },
  {
    "name_en": "Kolonnawa",
    "name_si": "කොලොන්නාව",
    "name_ta": "கொலொன்னாவ",
    "lat": 6.9167,
    "lng": 79.9000,
    "type": "Suburb",
    "district": "Colombo",
    "province": "Western",
    "population": 65230
  },
  {
    "name_en": "Koswatta",
    "name_si": "කොස්වත්ත",
    "name_ta": "கொஸ்வத்த",
    "lat": 6.9000,
    "lng": 79.8833,
    "type": "Suburb",
    "district": "Colombo",
    "province": "Western",
    "population": 28420
  },
  {
    "name_en": "Kotahena",
    "name_si": "කෝටහේන",
    "name_ta": "கொடஹென",
    "lat": 6.9500,
    "lng": 79.8500,
    "type": "Suburb",
    "district": "Colombo",
    "province": "Western",
    "population": 43210
  },
  {
    "name_en": "Kotte",
    "name_si": "කෝට්ටේ",
    "name_ta": "கோட்டை",
    "lat": 6.9108,
    "lng": 79.8878,
    "type": "Administrative Capital",
    "district": "Colombo",
    "province": "Western",
    "population": 115826
  },
  {
    "name_en": "Maharagama",
    "name_si": "මහරගම",
    "name_ta": "மஹரகம",
    "lat": 6.8500,
    "lng": 79.9333,
    "type": "Town",
    "district": "Colombo",
    "province": "Western",
    "population": 195114
  },
  {
    "name_en": "Malabe",
    "name_si": "මාලබේ",
    "name_ta": "மாலபே",
    "lat": 6.9000,
    "lng": 79.9667,
    "type": "Town",
    "district": "Colombo",
    "province": "Western",
    "population": 45230
  },
  {
    "name_en": "Mount Lavinia",
    "name_si": "ගල්කිස්ස",
    "name_ta": "கல்கிசை",
    "lat": 6.8567,
    "lng": 79.8611,
    "type": "City",
    "district": "Colombo",
    "province": "Western",
    "population": 245974
  },
  {
    "name_en": "Narahenpita",
    "name_si": "නරහේන්පිට",
    "name_ta": "நரஹென்பிட",
    "lat": 6.9000,
    "lng": 79.8667,
    "type": "Suburb",
    "district": "Colombo",
    "province": "Western",
    "population": 32410
  },
  {
    "name_en": "Nugegoda",
    "name_si": "නුගෙගොඩ",
    "name_ta": "நுகெகொட",
    "lat": 6.8667,
    "lng": 79.9000,
    "type": "Town",
    "district": "Colombo",
    "province": "Western",
    "population": 125551
  },
  {
    "name_en": "Pannipitiya",
    "name_si": "පන්නිපිටිය",
    "name_ta": "பன்னிபிட்டி",
    "lat": 6.8500,
    "lng": 79.9500,
    "type": "Town",
    "district": "Colombo",
    "province": "Western",
    "population": 45230
  },
  {
    "name_en": "Rajagiriya",
    "name_si": "රාජගිරිය",
    "name_ta": "ராஜகிரிய",
    "lat": 6.9000,
    "lng": 79.8833,
    "type": "Suburb",
    "district": "Colombo",
    "province": "Western",
    "population": 32410
  },
  {
    "name_en": "Ratmalana",
    "name_si": "රත්මලාන",
    "name_ta": "ரத்மலான",
    "lat": 6.8167,
    "lng": 79.8833,
    "type": "Town",
    "district": "Colombo",
    "province": "Western",
    "population": 45230
  },
  {
    "name_en": "Thimbirigasyaya",
    "name_si": "තිඹිරිගස්යාය",
    "name_ta": "திம்பிரிகஸ்யாய",
    "lat": 6.9000,
    "lng": 79.8667,
    "type": "Suburb",
    "district": "Colombo",
    "province": "Western",
    "population": 28420
  },
  {
    "name_en": "Wellawatte",
    "name_si": "වැල්ලවත්තේ",
    "name_ta": "வெல்லவத்தே",
    "lat": 6.8667,
    "lng": 79.8667,
    "type": "Suburb",
    "district": "Colombo",
    "province": "Western",
    "population": 43210
  }
]